route_id,route_id,valley metro survey ID,route_type,route_name,total_c,white_c,black_c,asian_c,latino_c,other_c,poc_c,male_c,female_c,pct_white_c,pct_black_c,pct_asian_c,pct_latino_c,pct_other_c,pct_poc_c,totalhhs_c,totalhhs_cv_c,below15k_c,below15k_cv_c,below15k_prop_c,below15k_prop_moe_c,below20k_c,below20k_cv_c,below20k_prop_c,below20k_prop_moe_c,below25k_c,below25k_cv_c,below25k_prop_c,below25k_prop_moe_c,above50k_c,above50k_cv_c,above50k_prop_c,above50k_prop_moe_c,above100k_c,above100k_cv_c,above100k_prop_c,above100k_prop_moe_c,total_r,white_r,black_r,aisan_r,amerindian_r,latino_r,other_r,poc_r,pct_white_r,pct_black_r,pct_asian_r,pct_amerindian_r,pct_latino_r,pct_other_r,pct_poc_r,below15_r,below20_r,below25_r,above50_r,above100_r,below15k_prop_r,below20k_prop_r,below25k_prop_r,above50k_prop_r,above100k_prop_r,white_diff,black_diff,asian_diff,latino_diff,poc_diff,below15k_diff,below25k_diff,above50k_diff
05192014download:74,74,B_LINK,BRT,Valley Metro LINK - Arizona Ave.,13985,4837,776,290,7281,802,9149,7148,6837,0.346,0.056,0.021,0.521,0.057,0.654,5182,0.004,752.560,0.174,0.145,0.042,1136.743,0.142,0.219,0.051,1534.032,0.126,0.296,0.061,1885.494,0.104,0.364,0.062,490.639,0.208,0.095,0.032,1405,851,79,20,158,277,20,554,0.605633803,0.056338028,0.014084507,0.112676056,0.197183099,0.014084507,0.394366197,455.17,593.7,791.6,217.69,79.16,0.323943662,0.422535211,0.563380282,0.154929577,0.056338028,-0.260,-0.001,0.007,0.323,0.043,-0.179,-0.267,0.209
05192014download:90,90,B_LINK,BRT,Mesa Main Street BRT,12680,7121,444,110,4484,521,5559,5937,6743,0.562,0.035,0.009,0.354,0.041,0.438,6375,0.004,1082.653,0.138,0.170,0.039,1714.443,0.110,0.269,0.049,2469.935,0.094,0.387,0.060,1715.645,0.111,0.269,0.049,301.469,0.278,0.047,0.022,1405,851,79,20,158,277,20,554,0.605633803,0.056338028,0.014084507,0.112676056,0.197183099,0.014084507,0.394366197,455.17,593.7,791.6,217.69,79.16,0.323943662,0.422535211,0.563380282,0.154929577,0.056338028,-0.044,-0.021,-0.005,0.156,0.027,-0.154,-0.176,0.114
05192014download:38,38,B_511,Express,Chandler-Scottsdale Airpark,2220,1561,128,106,326,100,659,1144,1076,0.703,0.058,0.048,0.147,0.045,0.297,531,0.013,82.425,0.421,0.155,0.107,98.276,0.393,0.185,0.119,138.451,0.357,0.261,0.153,274.063,0.231,0.516,0.196,130.311,0.346,0.245,0.139,17,12,0,0,0,5,0,5,0.714942529,0,0,0,0.285057471,0,0.285057471,0,0,0,9.92,0,0,0,0,0.570114943,0,-0.012,0.058,0.048,-0.138,0.045,0.155,0.261,-0.054
05192014download:41,41,B_520,Express,Tempe Express,21854,12773,2094,704,4800,1484,9081,12663,9191,0.584,0.096,0.032,0.220,0.068,0.416,8095,0.003,1523.525,0.119,0.188,0.037,2124.265,0.101,0.262,0.043,2785.483,0.088,0.344,0.050,3482.895,0.074,0.430,0.052,1118.690,0.120,0.138,0.027,85,81,0,0,0,0,4,4,0.954556157,0,0,0,0,0.045443843,0.045443843,6.067142857,15.99428571,19.85428571,49.09142857,20.40857143,0.071428571,0.188300986,0.233744828,0.577954186,0.240270443,-0.370,0.096,0.032,0.220,0.022,0.117,0.110,-0.148
05192014download:42,42,B_521,Express,Tempe Express,16130,9545,1540,400,3727,919,6585,9505,6625,0.592,0.095,0.025,0.231,0.057,0.408,5407,0.004,951.379,0.138,0.176,0.040,1277.273,0.121,0.236,0.047,1498.543,0.112,0.277,0.051,2632.538,0.078,0.487,0.063,1084.109,0.117,0.200,0.039,198,158,0,18,0,23,0,40,0.796521301,0,0.089790774,0,0.113687925,0,0.203478699,0,0,0,154.4,57.02,0,0,0,0.778421981,0.287471641,-0.205,0.095,-0.065,0.117,0.057,0.176,0.277,-0.292
05192014download:44,44,B_531,Express,Mesa/Gilbert Express,10510,5542,1189,221,2956,601,4968,6633,3876,0.527,0.113,0.021,0.281,0.057,0.473,3149,0.005,672.376,0.156,0.214,0.055,928.414,0.131,0.295,0.063,1100.578,0.123,0.349,0.070,1348.207,0.103,0.428,0.073,485.614,0.159,0.154,0.040,299,195,5,0,11,89,0,104,0.651020408,0.015791235,0,0.036032118,0.29715624,0,0.348979592,37.03,41.75,41.75,149.45,43.08,0.123887588,0.139678822,0.139678822,0.5,0.144128471,-0.124,0.097,0.021,-0.016,0.057,0.090,0.210,-0.072
05192014download:45,45,B_533,Express,Mesa Express,6580,3123,988,135,1935,400,3457,4714,1866,0.475,0.150,0.020,0.294,0.061,0.525,1494,0.007,484.691,0.178,0.324,0.095,673.974,0.150,0.451,0.111,754.950,0.145,0.505,0.121,455.041,0.168,0.305,0.084,178.510,0.242,0.119,0.048,367,302,23,0,6,35,0,65,0.823635322,0.062552855,0,0.017377309,0.096434515,0,0.176364678,14.65037037,21.02074074,37.90148148,245.237037,58.60148148,0.039965002,0.057342847,0.103392115,0.668986407,0.159860007,-0.349,0.088,0.020,0.198,0.061,0.284,0.402,-0.364
05192014download:46,46,B_535,Express,Red Mountain-Downtown Express,6820,3326,993,126,1961,414,3495,4838,1983,0.488,0.146,0.019,0.288,0.061,0.512,1525,0.007,487.743,0.178,0.320,0.093,669.477,0.149,0.439,0.108,750.862,0.144,0.492,0.117,517.017,0.157,0.339,0.088,213.480,0.228,0.140,0.052,152,138,15,0,0,0,0,15,0.904480357,0.095519643,0,0,0,0,0.095519643,0,0,22.72,129.5,63.16,0,0,0.149257653,0.850742347,0.414925765,-0.417,0.050,0.019,0.288,0.061,0.320,0.343,-0.512
05192014download:47,47,B_541,Express,Chandler Express,18243,9939,1560,510,5265,970,8304,10476,7767,0.545,0.085,0.028,0.289,0.053,0.455,5832,0.004,771.019,0.149,0.132,0.032,1085.183,0.124,0.186,0.038,1395.090,0.114,0.239,0.045,3093.130,0.074,0.530,0.064,1057.802,0.129,0.181,0.038,259,174,28,11,14,26,6,85,0.672016048,0.109327984,0.040583288,0.052696551,0.101149603,0.024226526,0.327983952,0,0,8.4,197.36,38.86,0,0,0.032404907,0.761361006,0.149911272,-0.127,-0.024,-0.013,0.187,0.029,0.132,0.207,-0.231
05192014download:48,48,B_542,Express,Chandler Express,8399,3955,1213,223,2445,563,4444,5625,2774,0.471,0.144,0.027,0.291,0.067,0.529,2269,0.006,566.533,0.172,0.250,0.071,758.201,0.145,0.334,0.080,862.469,0.138,0.380,0.086,898.187,0.121,0.396,0.079,306.082,0.205,0.135,0.045,281,180,20,29,8,45,0,102,0.638545222,0.069325939,0.103988908,0.029650171,0.158489761,0,0.361454778,12.51,12.51,18.09,211.68,125.34,0.044475256,0.044475256,0.06431314,0.752559727,0.445605802,-0.168,0.075,-0.077,0.133,0.067,0.205,0.316,-0.357
05192014download:50,50,B_562,Express,Goodyear-Downtown Express,4978,2115,876,67,1598,322,2863,3794,1184,0.425,0.176,0.014,0.321,0.065,0.575,661,0.011,199.642,0.300,0.302,0.149,273.949,0.247,0.414,0.168,327.869,0.232,0.496,0.189,183.010,0.267,0.277,0.121,50.801,0.434,0.077,0.055,208,87,47,0,27,39,7,120,0.420908172,0.226272451,0,0.131362257,0.189820388,0.031636731,0.579091828,33.85,33.85,40.42,127.83,13.14,0.162998989,0.162998989,0.19463572,0.615543892,0.063273463,0.004,-0.050,0.014,0.131,0.033,0.139,0.301,-0.339
05192014download:52,52,B_571,Express,Surprise Express,10472,3976,1190,147,4680,480,6496,6543,3929,0.380,0.114,0.014,0.447,0.046,0.620,2093,0.007,357.555,0.227,0.171,0.064,499.342,0.193,0.239,0.076,639.933,0.173,0.306,0.087,808.128,0.150,0.386,0.095,239.733,0.280,0.115,0.053,160,113,12,12,5,17,0,47,0.709039725,0.077885518,0.077885518,0.028651861,0.106537379,0,0.290960275,4.58,4.58,17.03,104.18,36.06,0.028651861,0.028651861,0.106537379,0.651736003,0.225586487,-0.329,0.036,-0.064,0.340,0.046,0.142,0.199,-0.266
05192014download:53,53,B_573,Express,Northwest Valley-Downtown Express,6971,3418,999,297,1834,424,3553,4767,2204,0.490,0.143,0.043,0.263,0.061,0.510,1586,0.007,443.685,0.195,0.280,0.090,547.608,0.172,0.345,0.098,626.631,0.163,0.395,0.106,576.834,0.165,0.364,0.099,171.399,0.297,0.108,0.053,209,152,13,0,8,36,0,57,0.727242271,0.060687279,0,0.040346511,0.17172394,0,0.272757729,6.34,6.34,6.34,168.81,31.63,0.030343639,0.030343639,0.030343639,0.807935292,0.151383172,-0.237,0.083,0.043,0.091,0.061,0.249,0.365,-0.444
05192014download:54,54,B_575,Express,Northwest Valley-Downtown Express,7124,3410,970,302,2042,400,3714,4810,2314,0.479,0.136,0.042,0.287,0.056,0.521,1472,0.008,426.638,0.198,0.290,0.094,509.727,0.177,0.346,0.101,583.834,0.167,0.397,0.109,560.012,0.166,0.381,0.104,166.058,0.295,0.113,0.055,215,116,7,23,7,53,8,99,0.538072009,0.034657375,0.108524971,0.034657375,0.247154472,0.036933798,0.461927991,0,0,0,177.46,77.05,0,0,0,0.824436702,0.357955865,-0.059,0.101,-0.066,0.039,0.019,0.290,0.397,-0.444
05192014download:89,89,Station-specific,Light rail,Light rail,79720,38131,6352,4624,25406,5207,41589,43852,35868,0.478,0.080,0.058,0.319,0.065,0.522,32157,0.002,8201.447,0.049,0.255,0.021,10978.728,0.043,0.341,0.024,12850.947,0.039,0.400,0.026,9708.884,0.044,0.302,0.022,3088.748,0.077,0.096,0.012,42161,19115,6957,2166,2535,10089,1299,23046,0.45338337,0.165020593,0.051367001,0.060125111,0.239299807,0.030804119,0.54661663,11371.16,14127.46,16964.3,9793.27,1943.72,0.267263471,0.33204651,0.398722531,0.230177337,0.045684464,0.025,-0.085,0.007,0.079,0.035,-0.012,0.001,0.072
05192014download:1,1,B_1,Local,Washington,13961,3957,1821,192,7369,622,10004,8605,5356,0.283,0.130,0.014,0.528,0.045,0.717,3380,0.005,1301.985,0.102,0.385,0.065,1668.557,0.090,0.494,0.073,1965.049,0.084,0.581,0.080,712.348,0.140,0.211,0.049,235.273,0.250,0.070,0.029,462,85,155,0,19,203,0,377,0.184907049,0.334754474,0,0.040340208,0.439998269,0,0.815092951,237.87,314.22,339.46,76.69,0,0.514792131,0.680026836,0.734650594,0.165970524,0,0.099,-0.204,0.014,0.088,0.045,-0.130,-0.153,0.045
05192014download:2,2,B_10,Local,Roosevelt/Grant,41760,10512,3557,476,25793,1422,31249,22751,19009,0.252,0.085,0.011,0.618,0.034,0.748,13050,0.002,3848.658,0.065,0.295,0.032,4997.833,0.057,0.383,0.036,5995.313,0.052,0.459,0.040,3809.603,0.068,0.292,0.032,1375.742,0.112,0.105,0.019,3364,828,698,127,174,1537,0,2536,0.246229348,0.207598376,0.037715434,0.051606057,0.456850785,0,0.753770652,1220.729839,1388.064317,1627.52236,573.9572106,94.35091111,0.362862687,0.412602962,0.483782011,0.17060913,0.028045866,0.005,-0.122,-0.026,0.161,0.034,-0.068,-0.024,0.121
05192014download:3,3,B_104,Local,Alma School,29306,14647,1572,1002,10450,1635,14659,14594,14712,0.500,0.054,0.034,0.357,0.056,0.500,11345,0.003,1272.727,0.128,0.112,0.024,1924.749,0.103,0.170,0.029,2662.201,0.089,0.235,0.034,5447.436,0.056,0.480,0.044,1599.483,0.104,0.141,0.024,1463,837,257,37,73,259,0,626,0.571930568,0.175459586,0.025411388,0.050221162,0.176977296,0,0.428069432,605.132919,704.1075035,907.8887636,152.9058356,0,0.413696728,0.481360311,0.620674564,0.10453347,0,-0.072,-0.122,0.009,0.180,0.056,-0.302,-0.386,0.376
05192014download:4,4,B_106,Local,Peoria/Shea,57703,32788,2554,1034,19234,2093,24915,27849,29854,0.568,0.044,0.018,0.333,0.036,0.432,24100,0.002,3573.048,0.076,0.148,0.018,5316.627,0.061,0.221,0.022,7265.573,0.053,0.301,0.026,9206.949,0.044,0.382,0.028,2577.625,0.086,0.107,0.015,3804,1877,473,46,46,1342,20,1926,0.493598204,0.124426205,0.011970176,0.012062193,0.352745542,0.00519768,0.506401796,780.190905,1289.205709,1764.996674,648.161207,158.9868723,0.205116478,0.338939268,0.464027329,0.170405145,0.041798523,0.075,-0.080,0.006,-0.019,0.031,-0.057,-0.163,0.212
05192014download:5,5,B_108,Local,Elliot,50042,35168,2275,2379,8258,1962,14874,24446,25596,0.703,0.045,0.048,0.165,0.039,0.297,19365,0.002,1252.063,0.136,0.065,0.015,1792.401,0.112,0.093,0.017,2411.575,0.093,0.125,0.019,12635.222,0.036,0.652,0.038,5405.807,0.052,0.279,0.024,691,293,149,18,0,230,0,397,0.424671019,0.215542076,0.026347409,0,0.333439495,0,0.575328981,120.4,148.23,204.82,318.54,42.11,0.174298247,0.214586621,0.296509692,0.461137571,0.060960957,0.278,-0.170,0.021,-0.168,0.039,-0.110,-0.172,0.191
05192014download:6,6,B_112,Local,Country Club/Arizona Ave,33960,12807,1844,626,16498,2186,21153,17257,16702,0.377,0.054,0.018,0.486,0.064,0.623,12808,0.003,1883.394,0.108,0.147,0.026,2736.090,0.090,0.214,0.032,3660.110,0.079,0.286,0.037,4664.778,0.066,0.364,0.040,1132.782,0.139,0.088,0.020,1433,714,161,74,31,453,0,719,0.498014308,0.112462049,0.051809457,0.021615774,0.316098412,0,0.501985692,465.0769307,632.7525079,846.7652964,263.4842825,68.13,0.324598346,0.441626759,0.590996019,0.183897666,0.047551026,-0.121,-0.058,-0.033,0.170,0.064,-0.178,-0.305,0.180
05192014download:7,7,B_12,Local,12th Street,33916,15686,1964,535,13960,1771,18230,17444,16472,0.462,0.058,0.016,0.412,0.052,0.538,13898,0.002,3028.137,0.082,0.218,0.029,3710.379,0.073,0.267,0.032,4724.892,0.065,0.340,0.036,5526.990,0.060,0.398,0.039,1703.331,0.109,0.123,0.022,1459,780,278,16,34,345,6,679,0.534706326,0.190487287,0.010828593,0.023199232,0.236474539,0.004304023,0.465293674,525.1771408,562.6685692,667.8099976,160.4657136,23.7514284,0.359928371,0.385622994,0.457681315,0.109974632,0.016277961,-0.072,-0.133,0.005,0.175,0.048,-0.142,-0.118,0.288
05192014download:8,8,B_120,Local,Mesa Drive,15432,5596,607,88,8450,691,9837,7566,7866,0.363,0.039,0.006,0.548,0.045,0.637,5393,0.004,990.656,0.121,0.184,0.036,1395.425,0.101,0.259,0.043,1811.144,0.089,0.336,0.049,1729.720,0.099,0.321,0.052,476.946,0.203,0.088,0.030,398,239,0,0,31,128,0,159,0.599608296,0,0,0.07906895,0.321322754,0,0.400391704,48.72,196.38,217.01,18.326668,0,0.122328047,0.493078447,0.544877043,0.046015302,0,-0.237,0.039,0.006,0.226,0.045,0.061,-0.209,0.275
05192014download:9,9,B_122,Local,Cactus/39th Ave,14058,8236,583,379,4270,590,5822,6814,7244,0.586,0.041,0.027,0.304,0.042,0.414,5359,0.004,570.958,0.180,0.107,0.032,946.252,0.141,0.177,0.041,1359.901,0.121,0.254,0.051,2507.451,0.090,0.468,0.069,684.485,0.167,0.128,0.035,108,47,21,0,6,33,0,61,0.434348108,0.197834737,0,0.05903581,0.308781345,0,0.565651892,19.83,19.83,32.19,31.5,0,0.183492181,0.183492181,0.297862497,0.291477746,0,0.151,-0.156,0.027,-0.005,0.042,-0.077,-0.044,0.176
05192014download:10,10,B_128,Local,Stapley,15290,7750,350,155,6488,547,7540,7664,7626,0.507,0.023,0.010,0.424,0.036,0.493,4858,0.004,557.604,0.174,0.115,0.033,855.777,0.136,0.176,0.040,1253.680,0.115,0.258,0.049,2224.508,0.079,0.458,0.059,659.818,0.145,0.136,0.032,388,303,0,0,0,45,41,85,0.780092294,0,0,0,0.114826368,0.105081337,0.219907706,136.85,141.74,226.41,65.43,0,0.352806208,0.365412875,0.583696409,0.168681843,0,-0.273,0.023,0.010,0.310,-0.069,-0.238,-0.326,0.289
05192014download:11,11,B_13,Local,Buckeye,12142,960,1064,188,9590,341,11182,6223,5920,0.079,0.088,0.015,0.790,0.028,0.921,3281,0.005,1322.241,0.097,0.403,0.064,1641.348,0.088,0.500,0.072,1944.708,0.082,0.593,0.080,512.551,0.195,0.156,0.050,86.784,0.536,0.026,0.023,1087,380,327,0,0,379,0,706,0.349975152,0.301080414,0,0,0.348944433,0,0.650024848,274.74,274.74,365.86,140.45,32.39,0.252839079,0.252839079,0.336695441,0.129254017,0.029808029,-0.271,-0.213,0.015,0.441,0.028,0.150,0.256,0.027
05192014download:12,12,B_136,Local,Gilbert Road,38313,24538,1327,896,10084,1469,13776,18950,19363,0.640,0.035,0.023,0.263,0.038,0.360,13484,0.002,1231.100,0.130,0.091,0.019,1774.528,0.105,0.132,0.023,2457.219,0.087,0.182,0.026,7473.178,0.046,0.554,0.042,3054.276,0.071,0.227,0.027,978,680,216,0,0,81,0,298,0.695354213,0.221334615,0,0,0.083311172,0,0.304645787,237.53,318.3,318.3,137.41,0,0.242957674,0.325573308,0.325573308,0.140549884,0,-0.055,-0.187,0.023,0.180,0.038,-0.152,-0.143,0.414
05192014download:13,13,B_138,Local,Thunderbird,32908,23189,1270,872,6292,1284,9719,16025,16883,0.705,0.039,0.027,0.191,0.039,0.295,13617,0.002,1638.689,0.117,0.120,0.023,2371.145,0.098,0.174,0.028,3368.168,0.083,0.247,0.034,6524.980,0.054,0.479,0.042,2425.472,0.085,0.178,0.025,1568,1163,144,0,45,163,53,404,0.742076022,0.09166874,0,0.028449139,0.103807464,0.033998635,0.257923978,457.40635,607.92635,857.372385,229.373175,0,0.291763118,0.387774431,0.546887117,0.146308928,0,-0.037,-0.053,0.027,0.087,0.005,-0.171,-0.300,0.333
05192014download:14,14,B_15,Local,15th Avenue,20311,8665,2147,413,7726,1360,11646,11682,8629,0.427,0.106,0.020,0.380,0.067,0.573,7503,0.003,1790.944,0.110,0.239,0.043,2350.753,0.097,0.313,0.050,2800.489,0.089,0.373,0.055,2695.388,0.081,0.359,0.048,911.444,0.134,0.121,0.027,3026,1264,664,38,291,768,0,1762,0.417714072,0.219613118,0.012595308,0.096221408,0.253856094,0,0.582285928,1402.827553,1675.510349,1902.343182,389.6435628,147.5627679,0.463628464,0.553748954,0.628716228,0.128775519,0.048768859,0.009,-0.114,0.008,0.127,0.067,-0.225,-0.255,0.230
05192014download:15,15,B_154,Local,Greenway,33461,22498,1121,939,7810,1093,10963,16609,16852,0.672,0.034,0.028,0.233,0.033,0.328,13790,0.002,1524.506,0.114,0.111,0.021,2336.893,0.092,0.169,0.026,2926.228,0.081,0.212,0.028,7222.789,0.049,0.524,0.042,3151.342,0.073,0.229,0.028,1087,455,176,79,0,376,0,631,0.418979862,0.162132312,0.072672385,0,0.34621544,0,0.581020138,320.75,448.98,570.52,153.53,45,0.295208556,0.413227552,0.525089276,0.141304348,0.041416633,0.253,-0.129,-0.045,-0.113,0.033,-0.185,-0.313,0.382
05192014download:16,16,B_156,Local,Chandler Blvd,29169,15792,1446,1800,8938,1193,13377,14415,14754,0.541,0.050,0.062,0.306,0.041,0.459,11064,0.003,849.228,0.167,0.077,0.021,1358.523,0.129,0.123,0.026,1808.795,0.112,0.163,0.030,6715.490,0.058,0.607,0.058,2861.051,0.090,0.259,0.038,1177,459,256,21,36,347,57,718,0.389977492,0.217530896,0.018023527,0.030679067,0.29510341,0.048685608,0.610022508,348.71,426.75,523.3,158.87,12.94,0.296182104,0.362466556,0.444472757,0.134938633,0.010990784,0.151,-0.168,0.044,0.011,-0.008,-0.219,-0.281,0.472
05192014download:17,17,B_16,Local,16th Street,46594,18923,4157,1010,20395,2109,27670,23392,23202,0.406,0.089,0.022,0.438,0.045,0.594,17470,0.002,3006.051,0.077,0.172,0.022,3987.408,0.067,0.228,0.025,4937.486,0.060,0.283,0.028,7758.425,0.048,0.444,0.035,2705.830,0.083,0.155,0.021,5203,1812,1302,47,410,1599,33,3391,0.348183826,0.250333944,0.009017926,0.078816522,0.307228371,0.00641941,0.651816174,2013.733907,2542.236566,3446.045679,614.7102347,81.03551714,0.387033232,0.488609757,0.662318985,0.118145346,0.015574768,0.058,-0.161,0.013,0.130,0.039,-0.215,-0.380,0.326
05192014download:18,18,B_17,Local,McDowell,70075,15878,4908,1005,45825,2459,54197,35262,34813,0.227,0.070,0.014,0.654,0.035,0.773,23436,0.002,4841.879,0.066,0.207,0.022,6618.460,0.056,0.282,0.026,8568.960,0.049,0.366,0.029,7671.910,0.051,0.327,0.028,2136.403,0.099,0.091,0.015,7783,1963,1600,0,314,3794,112,5820,0.252231475,0.205579618,0,0.040370193,0.487423182,0.014395533,0.747768525,3154.206765,3956.128913,4784.960732,1084.438222,63.28481529,0.405268761,0.508303856,0.614796445,0.139334218,0.00813116,-0.026,-0.136,0.014,0.167,0.021,-0.199,-0.249,0.188
05192014download:19,19,B_170,Local,Bell,41525,26773,1699,1974,9394,1685,14752,20398,21127,0.645,0.041,0.048,0.226,0.041,0.355,17794,0.002,1850.419,0.103,0.104,0.018,2768.843,0.083,0.156,0.021,3964.748,0.070,0.223,0.025,8768.952,0.046,0.493,0.037,3227.792,0.077,0.181,0.023,2610,1528,222,116,111,597,36,1082,0.585509223,0.084880789,0.044454067,0.042484462,0.228868895,0.013802564,0.414490777,706.32,976.23,1264.26,635.84,82.52,0.270655948,0.374083214,0.484453914,0.243648598,0.031620977,0.059,-0.044,0.003,-0.003,0.027,-0.167,-0.262,0.249
05192014download:21,21,B_186,Local,Union Hills,38019,28849,977,1277,5737,1179,9170,18482,19538,0.759,0.026,0.034,0.151,0.031,0.241,15383,0.002,1176.764,0.120,0.076,0.015,1909.734,0.095,0.124,0.019,2626.472,0.082,0.171,0.023,8527.556,0.042,0.554,0.039,3202.126,0.068,0.208,0.023,2013,1423,344,21,0,225,0,590,0.706719713,0.170856243,0.010634124,0,0.11178992,0,0.293280287,334.270475,489.8607125,802.1111875,593.99,81.8,0.1660285,0.243308474,0.39839988,0.295028356,0.040629168,0.052,-0.145,0.023,0.039,0.031,-0.090,-0.228,0.259
05192014download:22,22,B_19,Local,19th Avenue,51792,22331,3472,1587,21998,2406,29462,25896,25897,0.431,0.067,0.031,0.425,0.046,0.569,19410,0.002,3412.489,0.076,0.176,0.022,4754.556,0.064,0.245,0.026,6069.913,0.057,0.313,0.029,7615.950,0.048,0.392,0.031,3113.751,0.073,0.160,0.019,8966,3865,1663,43,403,2900,92,5101,0.431046982,0.185429112,0.004818224,0.044972318,0.323433297,0.010300068,0.568953018,3665.065591,4399.200343,5339.509056,1003.109656,172.668779,0.408773767,0.490653618,0.595528559,0.111879284,0.019258173,0.000,-0.118,0.026,0.101,0.036,-0.233,-0.283,0.280
05192014download:24,24,B_27,Local,27th Avenue,63610,26661,4022,3382,26456,3089,36949,32771,30839,0.419,0.063,0.053,0.416,0.049,0.581,22797,0.002,4566.841,0.068,0.200,0.022,6321.463,0.059,0.277,0.027,8205.146,0.052,0.360,0.031,7702.564,0.053,0.338,0.030,1777.005,0.108,0.078,0.014,4709,2547,1043,56,174,787,102,2162,0.540803065,0.221477779,0.011924077,0.037012419,0.167221637,0.021561024,0.459196935,1451.334181,1754.157454,2422.644386,759.9715731,58.34913533,0.308204328,0.37251167,0.514471095,0.16138704,0.012390982,-0.122,-0.158,0.041,0.249,0.027,-0.108,-0.155,0.176
05192014download:25,25,B_29,Local,Thomas Road,65360,21687,3099,1125,37118,2332,43673,33053,32307,0.332,0.047,0.017,0.568,0.036,0.668,23838,0.002,4225.263,0.068,0.177,0.020,6003.226,0.057,0.252,0.023,7722.848,0.050,0.324,0.026,9092.317,0.045,0.381,0.028,3115.031,0.079,0.131,0.017,10491,3211,2239,85,393,4543,20,7280,0.306090857,0.213456906,0.008095534,0.03744363,0.433013344,0.001899729,0.693909143,3972.278117,4952.269614,5852.756695,1878.799228,308.2829949,0.378636747,0.472049339,0.557883585,0.179086763,0.029385473,0.026,-0.166,0.009,0.135,0.034,-0.201,-0.234,0.202
05192014download:26,26,B_3,Local,Van Buren,41008,8008,3283,654,27769,1294,33000,21116,19892,0.195,0.080,0.016,0.677,0.032,0.805,12679,0.002,3659.066,0.066,0.289,0.031,4863.950,0.059,0.384,0.037,5846.455,0.054,0.461,0.041,3279.599,0.074,0.259,0.032,848.313,0.150,0.067,0.017,5501,1652,1403,99,209,2139,0,3849,0.30037248,0.2550023,0.017918658,0.037953306,0.388753256,0,0.69962752,2391.067233,2776.638837,3369.922651,700.6801707,144.9570364,0.434660468,0.504751652,0.612601827,0.127373236,0.026351034,-0.105,-0.175,-0.002,0.288,0.032,-0.146,-0.151,0.131
05192014download:27,27,B_30,Local,University,59721,33341,3386,2122,17918,2954,26380,30480,29241,0.558,0.057,0.036,0.300,0.049,0.442,24172,0.002,4529.712,0.066,0.187,0.020,6578.204,0.055,0.272,0.025,8486.925,0.049,0.351,0.028,8315.338,0.047,0.344,0.026,1989.561,0.095,0.082,0.013,3160,1543,390,163,127,920,16,1617,0.488356047,0.123491097,0.05168092,0.04024269,0.291231746,0.0049975,0.511643953,973.5936529,1284.783653,1689.700479,592.3404793,99.17,0.308138122,0.406628392,0.534782792,0.187473164,0.03138687,0.070,-0.067,-0.016,0.009,0.044,-0.121,-0.184,0.157
05192014download:28,28,B_35,Local,35th Avenue,61409,25207,3357,1843,28659,2343,36202,31690,29719,0.410,0.055,0.030,0.467,0.038,0.590,20404,0.002,3065.932,0.081,0.150,0.020,4375.513,0.068,0.214,0.024,5907.962,0.059,0.290,0.028,7919.726,0.050,0.388,0.032,2070.161,0.098,0.101,0.016,6587,2356,1298,0,233,2462,238,4231,0.357698596,0.19709554,0,0.035372113,0.373739015,0.036094737,0.642301404,2615.35202,3165.926377,3882.763718,962.1786379,213.7216007,0.397039017,0.480622221,0.589445963,0.146069232,0.032445275,0.053,-0.142,0.030,0.093,0.002,-0.247,-0.300,0.242
05192014download:29,29,B_39,Local,40th Street,14143,10923,269,308,2257,387,3220,6829,7314,0.772,0.019,0.022,0.160,0.027,0.228,6113,0.003,431.935,0.219,0.071,0.025,666.714,0.170,0.109,0.030,1014.632,0.147,0.166,0.040,3683.142,0.066,0.603,0.065,1605.415,0.105,0.263,0.045,636,384,59,4,39,149,0,251,0.604683716,0.092856469,0.006951653,0.060724733,0.234783429,0,0.395316284,137.43,218.68,328.66,142.53,24.85,0.216146079,0.343933818,0.516907301,0.224167217,0.039083388,0.168,-0.074,0.015,-0.075,0.027,-0.145,-0.351,0.378
05192014download:30,30,B_40,Local,Apache/Main St,33023,17616,1177,406,12210,1614,15408,15914,17109,0.533,0.036,0.012,0.370,0.049,0.467,15492,0.002,2562.241,0.088,0.165,0.024,4000.302,0.071,0.258,0.030,5681.224,0.061,0.367,0.037,4352.308,0.068,0.281,0.032,935.167,0.153,0.060,0.015,2084,1119,280,199,75,391,20,965,0.537038192,0.13425115,0.095271914,0.036061672,0.187731834,0.009645238,0.462961808,550.4137827,687.3285304,889.7413706,458.7723135,94.62019258,0.264119474,0.329818867,0.426947926,0.220144746,0.045404087,-0.004,-0.099,-0.083,0.182,0.039,-0.099,-0.060,0.061
05192014download:31,31,B_41,Local,Indian School,71820,24084,3673,1729,39422,2912,47736,36182,35639,0.335,0.051,0.024,0.549,0.041,0.665,25749,0.002,4819.860,0.068,0.187,0.021,6794.830,0.057,0.264,0.025,8548.972,0.050,0.332,0.027,9369.236,0.043,0.364,0.025,3172.634,0.073,0.123,0.015,9387,3596,1393,91,355,3831,120,5791,0.383073966,0.148430376,0.00973052,0.037787527,0.408164091,0.01281352,0.616926034,3591.425666,4517.957457,5366.119931,1648.767666,235.1070473,0.382595682,0.481299399,0.571654408,0.175643727,0.025046026,-0.048,-0.097,0.014,0.141,0.028,-0.195,-0.240,0.188
05192014download:32,32,B_43,Local,43rd Avenue,44408,17569,2513,965,21885,1476,26840,22046,22362,0.396,0.057,0.022,0.493,0.033,0.604,15573,0.002,2776.043,0.078,0.178,0.023,3947.773,0.066,0.253,0.028,5199.021,0.058,0.334,0.032,5927.876,0.055,0.381,0.034,1756.268,0.098,0.113,0.018,2747,1552,474,22,132,566,0,1195,0.565140627,0.172462122,0.008118006,0.048176543,0.206102702,0,0.434859373,901.12,1134.08,1341.19,460.73,123.5,0.328040248,0.412846107,0.488241633,0.167722371,0.044958463,-0.170,-0.116,0.014,0.287,0.033,-0.150,-0.154,0.213
05192014download:33,33,B_44,Local,44th Street/Tatum,25373,17767,1014,1438,4249,905,7606,12472,12902,0.700,0.040,0.057,0.167,0.036,0.300,11316,0.003,1328.431,0.147,0.117,0.028,1802.879,0.122,0.159,0.032,2290.503,0.106,0.202,0.035,6486.785,0.050,0.573,0.047,3365.297,0.069,0.297,0.034,2459,1270,370,19,92,709,0,1189,0.51653526,0.150283212,0.007640417,0.03727092,0.288270192,0,0.48346474,501.82,621.26,1008.75,786.96,129.77,0.204050763,0.252617625,0.410179361,0.319994795,0.052767262,0.184,-0.110,0.049,-0.121,0.036,-0.087,-0.208,0.253
05192014download:34,34,B_45,Local,Broadway,62483,27027,4339,1131,26928,3057,35456,31403,31080,0.433,0.069,0.018,0.431,0.049,0.567,24484,0.002,4594.619,0.064,0.188,0.020,6667.600,0.053,0.272,0.024,8804.021,0.046,0.360,0.027,7896.928,0.049,0.323,0.026,1992.494,0.097,0.081,0.013,4825,1547,1385,18,204,1641,31,3278,0.320625163,0.287035387,0.003670482,0.042319346,0.3400097,0.006339923,0.679374837,1851.940623,2211.290104,2835.265935,424.5693588,68.38157518,0.383821891,0.458298467,0.587619883,0.087993649,0.014172347,0.112,-0.218,0.014,0.091,0.043,-0.196,-0.228,0.235
05192014download:35,35,B_48,Local,48th Street,10552,4464,738,324,4419,607,6088,5653,4899,0.423,0.070,0.031,0.419,0.058,0.577,3859,0.005,697.439,0.173,0.181,0.051,958.024,0.153,0.248,0.062,1221.932,0.133,0.317,0.069,1290.874,0.121,0.334,0.067,275.520,0.260,0.071,0.030,1296,519,351,0,16,409,0,776,0.400899823,0.27115858,0,0.012339772,0.315601824,0,0.599100177,380.86,486.5,618.73,222.67,93.84,0.293916546,0.375440844,0.477485125,0.171838464,0.072418024,0.022,-0.201,0.031,0.103,0.058,-0.113,-0.161,0.163
05192014download:36,36,B_50,Local,Camelback,61971,26627,3633,2073,27083,2555,35344,31194,30777,0.430,0.059,0.033,0.437,0.041,0.570,24716,0.002,4017.909,0.070,0.163,0.019,5528.896,0.059,0.224,0.022,7028.747,0.052,0.284,0.024,10170.581,0.041,0.412,0.028,3574.775,0.067,0.145,0.016,6177,2393,1112,178,477,1734,282,3784,0.387468755,0.179979408,0.028892479,0.077240879,0.280794685,0.045623794,0.612531245,2215.876038,2570.219197,3322.113112,1196.214099,181.8395031,0.358726545,0.416090899,0.537814453,0.193654223,0.029437864,0.042,-0.121,0.005,0.156,-0.004,-0.196,-0.253,0.218
05192014download:37,37,B_51,Local,51st Avenue,31242,11736,1661,646,16089,1110,19506,15294,15947,0.376,0.053,0.021,0.515,0.036,0.624,10769,0.003,1988.470,0.098,0.185,0.030,2888.385,0.081,0.268,0.036,3499.337,0.073,0.325,0.039,4120.171,0.069,0.383,0.043,1006.217,0.142,0.093,0.022,1148,519,209,0,0,322,98,629,0.452066605,0.18243255,0,0,0.280145612,0.085355233,0.547933395,272.5693637,383.6101563,515.7123797,322.288891,61.048415,0.237372947,0.334075231,0.449119319,0.280672276,0.053165337,-0.076,-0.129,0.021,0.235,-0.050,-0.053,-0.124,0.102
05192014download:40,40,B_52,Local,Roeser,20013,1876,3318,221,14060,538,18137,10090,9923,0.094,0.166,0.011,0.703,0.027,0.906,5632,0.004,1495.296,0.103,0.265,0.045,1808.918,0.093,0.321,0.049,2368.795,0.081,0.421,0.056,1620.084,0.096,0.288,0.045,391.723,0.210,0.070,0.024,850,209,363,0,0,278,0,641,0.245733708,0.426911452,0,0,0.32735484,0,0.754266292,207.7825262,245.8434415,412.3424885,193.5489715,0,0.244367345,0.289129747,0.484944722,0.227627651,0,-0.152,-0.261,0.011,0.375,0.027,0.021,-0.064,0.060
05192014download:49,49,B_56,Local,Priest,16847,5945,1298,737,6271,2596,10902,8618,8229,0.353,0.077,0.044,0.372,0.154,0.647,6073,0.004,823.214,0.147,0.136,0.033,1265.524,0.124,0.208,0.042,1549.311,0.111,0.255,0.047,2703.012,0.083,0.445,0.061,565.393,0.158,0.093,0.024,1866,762,453,0,156,495,0,1104,0.408185799,0.242658134,0,0.083696474,0.265459594,0,0.591814201,323.66,418.25,557.44,489.19,112.53,0.173481913,0.224182197,0.298788103,0.262206071,0.060316133,-0.055,-0.166,0.044,0.107,0.154,-0.038,-0.044,0.183
05192014download:55,55,B_59,Local,59th Avenue,43026,15655,2186,1194,22690,1302,27372,21336,21690,0.364,0.051,0.028,0.527,0.030,0.636,13824,0.003,2357.367,0.085,0.171,0.024,3360.329,0.073,0.243,0.029,4323.895,0.067,0.313,0.034,5515.132,0.057,0.399,0.037,1617.349,0.103,0.117,0.020,2828,1464,385,0,77,845,57,1364,0.51768242,0.136017256,0,0.027355505,0.298838381,0.020106438,0.48231758,691.9092486,873.0017486,1216.997026,430.6633843,27.68,0.244666522,0.30870277,0.430343185,0.152287186,0.009787945,-0.154,-0.085,0.028,0.229,0.010,-0.074,-0.118,0.247
05192014download:56,56,B_60,Local,Bethany Home,41456,14079,3213,1000,21318,1846,27377,20477,20980,0.340,0.078,0.024,0.514,0.045,0.660,14477,0.002,2735.427,0.088,0.189,0.027,3852.672,0.075,0.266,0.033,4855.296,0.067,0.335,0.037,5556.243,0.057,0.384,0.036,1669.051,0.101,0.115,0.019,2838,1161,848,21,35,697,75,1677,0.409098918,0.298951345,0.007350454,0.012452782,0.245588318,0.026558183,0.590901082,933.4138225,1181.020999,1504.517725,625.5748052,41.0786963,0.328905626,0.416154594,0.530144649,0.220432854,0.014474838,-0.069,-0.221,0.017,0.269,0.018,-0.140,-0.195,0.163
05192014download:57,57,B_61,Local,Southern,66211,27233,5624,1556,28948,2850,38978,33124,33088,0.411,0.085,0.024,0.437,0.043,0.589,23556,0.002,3235.891,0.077,0.137,0.017,4424.026,0.066,0.188,0.020,5983.598,0.056,0.254,0.024,10683.444,0.041,0.454,0.030,3071.207,0.074,0.130,0.016,7049,3148,1243,42,246,2112,259,3901,0.446523393,0.17629526,0.005959736,0.034840551,0.299633847,0.036747213,0.553476607,2285.481446,2921.784296,3620.325003,1184.10637,214.1646079,0.324227755,0.414496283,0.513594127,0.167982178,0.030382268,-0.035,-0.091,0.018,0.138,0.006,-0.187,-0.260,0.286
05192014download:58,58,B_62,Local,Hardy,30024,16906,2038,2006,7076,1999,13118,16437,13587,0.563,0.068,0.067,0.236,0.067,0.437,11748,0.003,2111.321,0.107,0.180,0.031,2877.259,0.092,0.245,0.037,3545.789,0.083,0.302,0.041,4737.140,0.065,0.403,0.043,1334.346,0.116,0.114,0.022,1502,710,292,172,32,264,32,792,0.472572182,0.194125559,0.114725389,0.021508097,0.175673876,0.021394897,0.527427818,515.9601057,672.0634759,776.3684533,287.237985,66.8373825,0.343564178,0.447509281,0.516963204,0.191264172,0.044505244,0.091,-0.126,-0.048,0.060,0.045,-0.164,-0.215,0.212
05192014download:59,59,B_65,Local,Mill/Kyrene,18126,10216,1619,1068,3996,1227,7910,9649,8477,0.564,0.089,0.059,0.220,0.068,0.436,7228,0.003,1428.384,0.133,0.198,0.043,1763.955,0.120,0.244,0.048,2409.673,0.104,0.333,0.057,2897.890,0.081,0.401,0.054,755.389,0.152,0.105,0.026,987,530,176,97,12,172,0,457,0.536884457,0.17875204,0.098274097,0.012049902,0.174039504,0,0.463115543,297.85,369.25,495.3,91.64,0,0.301855624,0.374215844,0.501961023,0.092872417,0,0.027,-0.089,-0.039,0.046,0.068,-0.104,-0.169,0.308
05192014download:60,60,B_66,Local,Mill/68th Street,21370,12918,1375,1597,4244,1236,8452,11171,10199,0.604,0.064,0.075,0.199,0.058,0.396,8608,0.003,1388.843,0.134,0.161,0.035,1709.377,0.121,0.199,0.040,2370.560,0.103,0.275,0.047,4148.291,0.066,0.482,0.053,1631.948,0.103,0.190,0.032,1013,408,207,70,18,310,0,605,0.402798749,0.204665897,0.068587106,0.018217525,0.305730724,0,0.597201251,373.3325843,382.7325843,534.3151686,133.6225843,7.9,0.36842222,0.377698584,0.527287434,0.131865075,0.007796093,0.202,-0.140,0.006,-0.107,0.058,-0.207,-0.252,0.350
05192014download:61,61,B_67,Local,67th Avenue,47271,14998,2861,964,27032,1415,32272,22951,24320,0.317,0.061,0.020,0.572,0.030,0.683,15165,0.002,2374.087,0.094,0.157,0.024,3637.224,0.076,0.240,0.030,4697.779,0.066,0.310,0.033,5371.588,0.058,0.354,0.034,1275.248,0.115,0.084,0.016,2411,942,465,23,45,917,19,1469,0.390676455,0.192808262,0.00941479,0.018580731,0.380457053,0.00806271,0.609323545,895.9424651,1059.451778,1199.875094,502.8464477,46.87814476,0.371585105,0.439399309,0.497638777,0.208551617,0.019442343,-0.073,-0.132,0.011,0.191,0.022,-0.215,-0.188,0.146
05192014download:63,63,B_7,Local,7th Street,50038,25509,2882,910,18663,2074,24529,25245,24793,0.510,0.058,0.018,0.373,0.041,0.490,20895,0.002,4011.843,0.069,0.192,0.022,5295.570,0.059,0.253,0.025,6685.101,0.053,0.320,0.028,8896.137,0.043,0.426,0.030,3341.692,0.069,0.160,0.018,5148,2083,1015,46,166,1824,14,3066,0.40456147,0.197092655,0.008934919,0.032334694,0.35432586,0.002750401,0.59543853,2332.088839,2811.298646,3165.927017,724.3104739,118.6934849,0.452976813,0.546056857,0.614938637,0.140687544,0.023054609,0.105,-0.139,0.009,0.019,0.039,-0.261,-0.295,0.285
05192014download:64,64,B_70,Local,Glendale/24th St.,63231,24682,5431,1892,28557,2668,38549,31996,31235,0.390,0.086,0.030,0.452,0.042,0.610,22389,0.002,4613.619,0.067,0.206,0.023,5970.611,0.059,0.267,0.026,7612.495,0.051,0.340,0.029,8853.093,0.045,0.395,0.029,3140.064,0.073,0.140,0.017,7971,3463,1601,0,552,2168,187,4508,0.43444405,0.200823472,0,0.069248651,0.272004095,0.023479732,0.56555595,2539.050915,3146.800075,3830.651738,1771.442024,335.2072101,0.318529664,0.394773167,0.4805639,0.222231397,0.042052501,-0.044,-0.115,0.030,0.180,0.019,-0.112,-0.141,0.173
05192014download:65,65,B_72,Local,Scottsdale/Rural,49807,34237,1872,3250,8223,2225,15570,25207,24600,0.687,0.038,0.065,0.165,0.045,0.313,18522,0.002,2175.347,0.094,0.117,0.018,2830.336,0.084,0.153,0.021,3620.332,0.074,0.195,0.024,10413.454,0.042,0.562,0.039,4869.593,0.058,0.263,0.025,4725,2411,651,206,182,1185,89,2314,0.51032562,0.137843535,0.043660082,0.038534308,0.250767173,0.018869282,0.48967438,1446.709458,1849.766099,2204.320099,1031.067921,311.4303525,0.306169986,0.39146966,0.466504625,0.218206945,0.065908622,0.177,-0.100,0.022,-0.086,0.026,-0.189,-0.271,0.344
05192014download:66,66,B_77,Local,Baseline,42534,16952,5473,2106,15684,2319,25582,21095,21439,0.399,0.129,0.050,0.369,0.055,0.601,15803,0.002,1804.848,0.111,0.114,0.021,2327.612,0.100,0.147,0.024,2915.680,0.089,0.185,0.027,8163.790,0.048,0.517,0.041,2745.552,0.080,0.174,0.023,2679,670,843,68,159,841,97,2009,0.24992068,0.314851382,0.025505691,0.059469729,0.314082441,0.036170078,0.75007932,1046.406984,1125.96873,1508.218095,383.449365,49.28,0.390592294,0.420290303,0.562972509,0.143130129,0.018394744,0.149,-0.186,0.024,0.055,0.018,-0.276,-0.378,0.373
05192014download:67,67,B_8,Local,7th Avenue,37372,15675,3331,730,16086,1549,21697,19841,17531,0.419,0.089,0.020,0.430,0.041,0.581,14644,0.002,3423.020,0.069,0.234,0.026,4375.954,0.062,0.299,0.030,5150.631,0.057,0.352,0.033,5929.594,0.052,0.405,0.034,2551.481,0.075,0.174,0.022,2683,891,804,31,174,767,16,1792,0.332077174,0.299841955,0.011599908,0.064694086,0.285897465,0.005889413,0.667922826,1055.78094,1186.354747,1458.946168,402.1657108,83.9019036,0.393537307,0.442208071,0.543815223,0.14990535,0.031274034,0.087,-0.211,0.008,0.145,0.036,-0.160,-0.192,0.255
05192014download:68,68,B_80,Local,Northern,38677,26320,1677,1269,8044,1366,12356,18697,19980,0.681,0.043,0.033,0.208,0.035,0.319,16740,0.002,2035.071,0.101,0.122,0.020,2791.107,0.085,0.167,0.023,3587.417,0.074,0.214,0.026,9350.217,0.044,0.559,0.041,4472.624,0.062,0.267,0.027,1559,725,342,20,76,397,0,834,0.4648115,0.219245745,0.012617953,0.048893764,0.254431037,0,0.5351885,675.32,843.63,1050.19,43.46,0,0.433205678,0.541173527,0.673678066,0.027878811,0,0.216,-0.176,0.020,-0.046,0.035,-0.312,-0.459,0.531
05192014download:69,69,B_81,Local,Hayden/McClintock,48803,35756,1648,2174,7143,2082,13047,23614,25189,0.733,0.034,0.045,0.146,0.043,0.267,23579,0.002,2365.609,0.100,0.100,0.016,3678.410,0.081,0.156,0.021,4885.876,0.072,0.207,0.025,12984.228,0.039,0.551,0.035,5738.735,0.054,0.243,0.022,2816,1638,386,169,26,500,98,1178,0.5815421,0.136962319,0.060130751,0.009151181,0.177491007,0.034722641,0.4184579,714.9832008,878.3343118,1176.619021,787.6106082,191.9833068,0.253894963,0.311901954,0.417824702,0.279685405,0.068174461,0.151,-0.103,-0.016,-0.031,0.008,-0.154,-0.211,0.271
05192014download:70,70,B_90,Local,Dunlap/Cave Creek,46846,24923,2418,2076,15289,2140,21923,23236,23609,0.532,0.052,0.044,0.326,0.046,0.468,18851,0.002,2871.754,0.087,0.152,0.022,3971.456,0.073,0.211,0.025,5155.614,0.063,0.273,0.028,7480.108,0.050,0.397,0.032,2094.268,0.092,0.111,0.017,3019,1690,349,17,110,821,32,1328,0.55999523,0.115458768,0.005644739,0.036601363,0.27186177,0.01043813,0.44000477,1158.278504,1509.362859,1714.321496,428.0605304,87.78,0.383691293,0.499991483,0.567886073,0.141799315,0.029077999,-0.028,-0.064,0.039,0.055,0.035,-0.231,-0.294,0.255
05192014download:71,71,B_96,Local,Dobson,34922,21119,2041,2156,7553,2053,13802,17231,17691,0.605,0.058,0.062,0.216,0.059,0.395,15069,0.002,1621.371,0.113,0.108,0.020,2287.793,0.096,0.152,0.024,3148.074,0.082,0.209,0.028,7928.164,0.047,0.526,0.040,3215.583,0.071,0.213,0.025,2441,1444,311,49,123,515,0,997,0.591639898,0.127237118,0.020043923,0.050191753,0.210887308,0,0.408360102,795.9122961,1071.777382,1324.064298,432.8207173,0,0.326104469,0.43913305,0.542501086,0.17733709,0,0.013,-0.069,0.042,0.005,0.059,-0.219,-0.334,0.349
05192014download:81,81,B_GRAND,Local,Grand Avenue Limited,8587,3206,1097,100,3722,462,5381,5591,2996,0.373,0.128,0.012,0.433,0.054,0.627,2073,0.006,497.611,0.188,0.240,0.074,682.544,0.159,0.329,0.086,819.076,0.147,0.395,0.096,684.798,0.143,0.330,0.078,220.977,0.244,0.107,0.043,124,79,14,0,0,28,3,45,0.635530547,0.114951768,0,0,0.227009646,0.022508039,0.364469453,22.64,28.24,33.96,59.46,5.72,0.181993569,0.227009646,0.272990354,0.477974277,0.045980707,-0.262,0.013,0.012,0.206,0.031,0.058,0.122,-0.148
05192014download:103,103,B_0,Local,Central,34830,14403,2563,536,16156,1172,20427,18513,16317,0.414,0.074,0.015,0.464,0.034,0.586,13367,0.002,2746.922,0.079,0.206,0.027,3633.150,0.068,0.272,0.030,4461.114,0.062,0.334,0.034,5994.045,0.051,0.448,0.037,2635.453,0.075,0.197,0.024,5362,1646,1136,45,170,2317,46,3715,0.307066246,0.211892271,0.008470767,0.031738335,0.432197495,0.008634886,0.692933754,2453.391594,2840.700855,3332.233739,526.9795554,41.99812717,0.457551584,0.529783822,0.621453513,0.098280409,0.007832549,0.106,-0.138,0.007,0.032,0.025,-0.252,-0.288,0.350
05192014download:72,72,B_ALEX,Neighborhood,Phoenix ALEX - Ahwautukee Circulator,33843,23191,2179,2011,4875,1588,10652,16448,17395,0.685,0.064,0.059,0.144,0.047,0.315,14236,0.002,810.558,0.164,0.057,0.015,1154.394,0.134,0.081,0.018,1582.492,0.112,0.111,0.021,9558.198,0.041,0.671,0.046,4413.603,0.058,0.310,0.029,545,289,122,22,33,56,22,256,0.530634714,0.224489421,0.040809586,0.061214379,0.102042314,0.040809586,0.469365286,44.48979592,77.85714286,88.97959184,255.8163265,66.73469388,0.081632653,0.142857143,0.163265306,0.469387755,0.12244898,0.155,-0.160,0.019,0.042,0.006,-0.025,-0.052,0.202
05192014download:76,76,B_DASH,Neighborhood,Downtown Area Shuttle (Government Loop),5828,2377,937,77,2077,360,3451,4232,1596,0.408,0.161,0.013,0.356,0.062,0.592,991,0.009,351.584,0.215,0.355,0.125,458.123,0.184,0.462,0.140,530.479,0.174,0.536,0.153,264.875,0.226,0.267,0.099,81.860,0.373,0.083,0.051,1945,990,601,53,88,212,0,955,0.509095209,0.309093153,0.027270203,0.045450339,0.109091096,0,0.490904791,1060.909091,1184.681818,1343.818182,282.9090909,17.68181818,0.545454545,0.609090909,0.690909091,0.145454545,0.009090909,-0.101,-0.148,-0.014,0.247,0.062,-0.191,-0.155,0.122
05192014download:77,77,B_ORB_EAR,Neighborhood,Orbit Earth,9829,6345,296,365,2346,478,3484,5208,4621,0.645,0.030,0.037,0.239,0.049,0.355,3959,0.004,779.251,0.142,0.197,0.046,896.539,0.131,0.226,0.049,1111.032,0.118,0.281,0.054,1624.096,0.104,0.410,0.070,333.676,0.245,0.084,0.034,1608,999,102,85,17,372,34,609,0.621062582,0.063154163,0.052631579,0.010522584,0.231577704,0.021051388,0.378937418,507.7894737,626.2736842,914.0210526,304.6736842,50.77894737,0.315789474,0.389473684,0.568421053,0.189473684,0.031578947,0.024,-0.033,-0.015,0.007,0.028,-0.119,-0.288,0.221
05192014download:78,78,B_FLASH,Neighborhood,FLASH McAllister,9311,6395,416,671,1369,459,2916,4727,4583,0.687,0.045,0.072,0.147,0.049,0.313,721,0.012,251.402,0.253,0.349,0.145,327.035,0.225,0.454,0.168,358.759,0.217,0.498,0.177,180.392,0.333,0.250,0.137,67.585,0.426,0.094,0.066,2364,1509,109,200,91,418,36,855,0.638468339,0.046151178,0.084616133,0.038460725,0.176922719,0.015380906,0.361531661,745.5692308,872.8615385,1000.153846,872.8615385,381.8769231,0.315384615,0.369230769,0.423076923,0.369230769,0.161538462,0.048,-0.001,-0.013,-0.030,0.034,0.033,0.074,-0.119
05192014download:79,79,B_FLASH,Neighborhood,FLASH Back,10115,6898,521,679,1494,523,3217,5283,4832,0.682,0.052,0.067,0.148,0.052,0.318,839,0.011,248.352,0.254,0.296,0.124,317.455,0.228,0.378,0.142,382.502,0.213,0.456,0.159,275.026,0.235,0.328,0.127,111.378,0.380,0.133,0.083,2364,1509,109,200,91,418,36,855,0.638468339,0.046151178,0.084616133,0.038460725,0.176922719,0.015380906,0.361531661,745.5692308,872.8615385,1000.153846,872.8615385,381.8769231,0.315384615,0.369230769,0.423076923,0.369230769,0.161538462,0.043,0.005,-0.017,-0.029,0.036,-0.019,0.033,-0.041
05192014download:80,80,B_FLASH,Neighborhood,FLASH Forward,10281,7058,520,671,1506,525,3223,5347,4934,0.687,0.051,0.065,0.147,0.051,0.313,867,0.011,254.231,0.251,0.293,0.121,324.859,0.225,0.375,0.138,392.514,0.210,0.453,0.156,289.222,0.228,0.334,0.125,119.819,0.365,0.138,0.083,2364,1509,109,200,91,418,36,855,0.638468339,0.046151178,0.084616133,0.038460725,0.176922719,0.015380906,0.361531661,745.5692308,872.8615385,1000.153846,872.8615385,381.8769231,0.315384615,0.369230769,0.423076923,0.369230769,0.161538462,0.048,0.004,-0.019,-0.030,0.036,-0.022,0.030,-0.036
05192014download:82,82,B_GUS,Neighborhood,Glendale Urban Shuttle,10612,2573,708,297,6737,297,8038,5283,5329,0.243,0.067,0.028,0.635,0.028,0.757,3282,0.005,638.539,0.166,0.195,0.053,1006.917,0.134,0.307,0.068,1231.104,0.121,0.375,0.075,1018.727,0.140,0.310,0.071,180.279,0.315,0.055,0.028,364,175,40,0,0,148,0,189,0.481482499,0.111105006,0,0,0.407412495,0,0.518517501,215.7037037,229.1851852,269.6296296,26.96296296,13.48148148,0.592592593,0.62962963,0.740740741,0.074074074,0.037037037,-0.239,-0.044,0.028,0.227,0.028,-0.398,-0.366,0.236
05192014download:83,83,B_GUS,Neighborhood,Glendale Urban Shuttle,10579,2605,669,290,6720,294,7974,5266,5313,0.246,0.063,0.027,0.635,0.028,0.754,3294,0.005,639.771,0.167,0.194,0.053,1002.755,0.135,0.304,0.068,1238.148,0.122,0.376,0.075,1011.026,0.141,0.307,0.071,178.300,0.318,0.054,0.028,364,175,40,0,0,148,0,189,0.481482499,0.111105006,0,0,0.407412495,0,0.518517501,215.7037037,229.1851852,269.6296296,26.96296296,13.48148148,0.592592593,0.62962963,0.740740741,0.074074074,0.037037037,-0.235,-0.048,0.027,0.228,0.028,-0.398,-0.365,0.233
05192014download:84,84,B_GUS,Neighborhood,Glendale Urban Shuttle,14162,7856,1095,766,3839,606,6306,6688,7474,0.555,0.077,0.054,0.271,0.043,0.445,5682,0.004,903.142,0.150,0.159,0.039,1354.419,0.124,0.238,0.049,1611.339,0.112,0.284,0.052,2442.764,0.092,0.430,0.065,728.828,0.171,0.128,0.036,364,175,40,0,0,148,0,189,0.481482499,0.111105006,0,0,0.407412495,0,0.518517501,215.7037037,229.1851852,269.6296296,26.96296296,13.48148148,0.592592593,0.62962963,0.740740741,0.074074074,0.037037037,0.073,-0.034,0.054,-0.136,0.043,-0.434,-0.457,0.356
05192014download:88,88,B_ORB_JUP,Neighborhood,Orbit Jupiter,7998,5531,439,333,1238,457,2467,4253,3745,0.692,0.055,0.042,0.155,0.057,0.308,2802,0.006,422.554,0.203,0.151,0.050,525.477,0.188,0.188,0.058,722.855,0.171,0.258,0.073,1555.498,0.108,0.555,0.098,549.052,0.169,0.196,0.054,1734,1156,231,50,17,281,0,578,0.666672434,0.133329873,0.028570275,0.009521503,0.161905915,0,0.333327566,594.5142857,743.1428571,842.2285714,412.8571429,82.57142857,0.342857143,0.428571429,0.485714286,0.238095238,0.047619048,0.025,-0.078,0.013,-0.007,0.057,-0.192,-0.228,0.317
05192014download:91,91,B_ORB_MAR,Neighborhood,Orbit Mars,19976,12623,1013,1845,3407,1088,7352,10567,9409,0.632,0.051,0.092,0.171,0.054,0.368,5602,0.004,1299.672,0.114,0.232,0.043,1791.332,0.100,0.320,0.052,2056.449,0.092,0.367,0.056,2004.419,0.095,0.358,0.056,637.536,0.147,0.114,0.027,2061,890,328,211,187,445,0,1171,0.431820939,0.159090137,0.102272231,0.09090865,0.215908043,0,0.568179061,866.5568182,1030.5,1217.863636,304.4659091,93.68181818,0.420454545,0.5,0.590909091,0.147727273,0.045454545,0.200,-0.108,-0.010,-0.045,0.054,-0.188,-0.224,0.210
05192014download:92,92,B_MARY,Neighborhood,Maryvale Area Route for You,70544,9014,3244,705,56127,1454,61530,35439,35105,0.128,0.046,0.010,0.796,0.021,0.872,17932,0.002,2826.669,0.086,0.158,0.022,4316.943,0.068,0.241,0.027,5684.786,0.058,0.317,0.030,5854.504,0.055,0.326,0.029,1046.466,0.135,0.058,0.013,1281,225,294,0,0,762,0,1056,0.175676625,0.229728569,0,0,0.594594806,0,0.824323375,467.3918919,675.1216216,891.5067568,129.8310811,25.96621622,0.364864865,0.527027027,0.695945946,0.101351351,0.02027027,-0.048,-0.184,0.010,0.201,0.021,-0.207,-0.379,0.225
05192014download:93,93,B_ORB_MER,Neighborhood,Orbit Mercury,15761,7428,1020,1645,4713,955,8333,9046,6715,0.471,0.065,0.104,0.299,0.061,0.529,5354,0.004,1654.351,0.108,0.309,0.055,2285.936,0.095,0.427,0.067,2566.049,0.089,0.479,0.070,1310.116,0.134,0.245,0.054,312.155,0.284,0.058,0.027,2616,1181,370,278,69,671,46,1435,0.451329903,0.141591297,0.106193472,0.026548368,0.256638048,0.017698912,0.548670097,1319.575221,1527.929204,1713.132743,416.7079646,115.7522124,0.504424779,0.584070796,0.654867257,0.159292035,0.044247788,0.020,-0.077,-0.002,0.042,0.043,-0.195,-0.176,0.085
05192014download:95,95,B_76,Neighborhood,Scottsdale Miller Road Trolley,24520,17887,563,584,4449,1038,6633,11879,12641,0.730,0.023,0.024,0.181,0.042,0.270,12290,0.003,1406.584,0.109,0.114,0.020,2093.249,0.091,0.170,0.025,2868.237,0.079,0.233,0.030,5643.991,0.058,0.459,0.044,1763.603,0.105,0.143,0.025,999,424,90,30,90,274,90,575,0.424270329,0.090323097,0.030107699,0.090323097,0.27465268,0.090323097,0.575729671,60.16,60.16,301.72,150.4,0,0.060215398,0.060215398,0.301997838,0.150538495,0,0.305,-0.067,-0.006,-0.093,-0.048,0.054,-0.069,0.309
05192014download:96,96,B_BUZZ,Neighborhood,Downtown BUZZ,13756,7365,820,143,4500,928,6391,6598,7158,0.535,0.060,0.010,0.327,0.067,0.465,5676,0.004,1004.167,0.135,0.177,0.039,1492.296,0.113,0.263,0.049,2017.040,0.100,0.355,0.059,1863.515,0.099,0.328,0.053,469.173,0.213,0.083,0.029,872,498,224,0,25,125,0,374,0.571435125,0.257138925,0,0.028567169,0.142858781,0,0.428564875,199.3142857,298.9714286,448.4571429,49.82857143,0,0.228571429,0.342857143,0.514285714,0.057142857,0,-0.036,-0.198,0.010,0.184,0.067,-0.052,-0.159,0.271
05192014download:97,97,B_SCOTT_DT,Neighborhood,Scottsdale Downtown Trolley,1598,1345,36,60,112,46,253,905,693,0.841,0.023,0.037,0.070,0.029,0.159,965,0.009,158.725,0.347,0.164,0.094,225.843,0.278,0.234,0.107,266.296,0.254,0.276,0.115,486.623,0.170,0.504,0.141,245.443,0.245,0.254,0.102,352,245,0,0,0,61,46,107,0.695664526,0,0,0,0.173901926,0.130433547,0.304335474,107.1304348,122.4347826,122.4347826,122.4347826,0,0.304347826,0.347826087,0.347826087,0.347826087,0,0.146,0.023,0.037,-0.104,-0.102,-0.140,-0.072,0.156
05192014download:99,99,B_SCOTT_NEIGH,Neighborhood,Scottsdale Neighborhood Trolley,18467,11771,609,456,4781,849,6696,9056,9411,0.637,0.033,0.025,0.259,0.046,0.363,8721,0.003,1131.110,0.132,0.130,0.028,1839.337,0.105,0.211,0.037,2449.152,0.092,0.281,0.042,3566.957,0.078,0.409,0.052,1153.306,0.139,0.132,0.030,1834,939,179,0,112,447,157,895,0.512200309,0.097558848,0,0.060971554,0.243902572,0.085366718,0.487799691,559.1463415,670.9756098,1073.560976,201.2926829,44.73170732,0.304878049,0.365853659,0.585365854,0.109756098,0.024390244,0.125,-0.065,0.025,0.015,-0.039,-0.175,-0.305,0.299
05192014download:101,101,B_SMART,Neighborhood,Sunnyslope Multi Access Residential Transit,18656,6616,909,277,10088,766,12040,9722,8934,0.355,0.049,0.015,0.541,0.041,0.645,6475,0.004,1362.971,0.121,0.211,0.042,1911.136,0.100,0.295,0.048,2472.227,0.090,0.382,0.056,1929.324,0.098,0.298,0.048,391.876,0.205,0.061,0.020,884,386,121,8,32,329,8,498,0.436372275,0.136362094,0.009084019,0.0363587,0.372738894,0.009084019,0.563627725,490.2181818,570.5818182,626.8363636,144.6545455,16.07272727,0.554545455,0.645454545,0.709090909,0.163636364,0.018181818,-0.082,-0.088,0.006,0.168,0.032,-0.344,-0.327,0.134
05192014download:102,102,B_ORB_VEN,Neighborhood,Orbit Venus,10152,5829,768,426,2441,689,4324,5794,4359,0.574,0.076,0.042,0.240,0.068,0.426,3763,0.005,818.449,0.163,0.218,0.058,1145.712,0.141,0.304,0.071,1405.527,0.126,0.374,0.077,1146.441,0.138,0.305,0.069,172.810,0.315,0.046,0.024,1881,974,221,44,66,553,22,907,0.517655878,0.117647372,0.023525221,0.03529049,0.294121087,0.011759952,0.482344122,597.4941177,885.1764706,1150.729412,243.4235294,22.12941177,0.317647059,0.470588235,0.611764706,0.129411765,0.011764706,0.056,-0.042,0.018,-0.054,0.056,-0.100,-0.238,0.175
05192014download:85,85,B_I10E,Rapid,I-10 East Rapid,6927,3417,994,178,1927,411,3510,4865,2062,0.493,0.144,0.026,0.278,0.059,0.507,1565,0.007,437.644,0.188,0.280,0.086,602.940,0.157,0.385,0.099,682.787,0.152,0.436,0.109,641.772,0.153,0.410,0.103,281.472,0.223,0.180,0.066,839,583,93,100,7,37,20,256,0.695136927,0.111079319,0.118840683,0.007749443,0.043921456,0.023272172,0.304863073,43.35576923,75.85096154,104.0365385,587.3711538,292.5865385,0.051687851,0.090427947,0.124030208,0.700251733,0.348815616,-0.202,0.032,-0.093,0.234,0.036,0.228,0.312,-0.290
05192014download:87,87,B_I17,Rapid,I-17 Rapid,6756,3107,1014,133,2048,453,3648,4801,1955,0.460,0.150,0.020,0.303,0.067,0.540,1349,0.008,457.253,0.191,0.339,0.106,655.219,0.174,0.486,0.139,713.131,0.168,0.529,0.146,387.725,0.202,0.287,0.096,100.119,0.329,0.074,0.040,932,754,3,6,0,168,0,178,0.809216313,0.003453972,0.006907944,0,0.180421771,0,0.190783687,64.06,97.7,100.92,450.2,144.22,0.068714736,0.10479909,0.108253062,0.482912492,0.154699333,-0.349,0.147,0.013,0.123,0.067,0.270,0.420,-0.196
05192014download:62,62,B_685,Rural,Ajo/Gila Bend,3196,1056,238,71,1709,121,2139,1626,1569,0.331,0.075,0.022,0.535,0.038,0.669,1011,0.009,108.718,0.403,0.108,0.071,175.555,0.332,0.174,0.095,202.366,0.309,0.200,0.102,514.929,0.196,0.509,0.164,186.449,0.379,0.184,0.115,45,17,0,6,6,17,0,28,0.37505558,0,0.12494442,0.12494442,0.37505558,0,0.62494442,33.75,39.375,39.375,0,0,0.75,0.875,0.875,0,0,-0.045,0.075,-0.103,0.160,0.038,-0.642,-0.675,0.509
