OBJECTID,Join_Count,TARGET_FID,route_id,id_num,CE01_r,CE02_r,CE03_r,CNS01_r,CNS02_r,CNS03_r,CNS04_r,CNS05_r,CNS06_r,CNS07_r,CNS08_r,CNS09_r,CNS10_r,CNS11_r,CNS12_r,CNS13_r,CNS14_r,CNS15_r,CNS16_r,CNS17_r,CNS18_r,CNS19_r,CNS20_r,CR01_r,CR02_r,CR03_r,CR04_r,CR05_r,CR07_r,CT01_r,CT02_r,CD01_r,CD02_r,CD03_r,CD04_r,CS01_r,CS02_r,CE01_w,CE02_w,CE03_w,CNS01_w,CNS02_w,CNS03_w,CNS04_w,CNS05_w,CNS06_w,CNS07_w,CNS08_w,CNS09_w,CNS10_w,CNS11_w,CNS12_w,CNS13_w,CNS14_w,CNS15_w,CNS16_w,CNS17_w,CNS18_w,CNS19_w,CNS20_w,CR01_w,CR02_w,CR03_w,CR04_w,CR05_w,CR07_w,CT01_w,CT02_w,CD01_w,CD02_w,CD03_w,CD04_w,CS01_w,CS02_w,Shape_Length,Shape_Area
1,394,1,05192014download:1,1,991,1457,865,11,5,21,165,189,152,306,109,56,187,75,167,38,460,254,347,67,385,167,152,2631,414,123,82,9,54,2056,1257,461,617,760,483,1968,1345,11792,31445,47071,10,1280,6832,2162,1770,1926,1353,180,2970,6162,1017,4213,527,2422,479,3512,3661,5310,5328,39194,78328,5807,2041,2607,177,1348,68048,22260,7434,16762,27177,23818,49019,41289,28764.762463884435000,11848452.454595590000000
2,634,2,05192014download:2,2,3650,6041,3377,69,19,53,681,735,548,1392,471,237,794,295,664,153,1601,885,1529,246,1663,477,556,10925,1104,437,341,35,226,7144,5924,2070,2337,2767,2010,7118,5950,11883,26545,36122,8,1271,958,1810,999,2162,1383,719,3258,10152,1784,4890,285,11609,299,6314,2827,3454,2690,17678,64691,4784,1389,2388,156,1142,56306,18244,6671,13106,20792,18932,38522,36028,65380.712810363482000,22844259.723789193000000
3,409,3,05192014download:3,3,3032,5058,4115,63,24,79,581,998,528,1516,383,211,723,271,644,131,1186,1076,1505,266,1246,382,392,10344,778,369,459,25,230,9023,3182,1245,2241,3000,2361,6140,6065,6643,7514,5637,6,8,195,496,293,488,3927,103,413,1120,495,1253,22,1575,760,2718,344,3236,917,1425,17177,909,610,720,42,336,15238,4556,1965,3538,4609,3504,9744,10050,42774.593275883548000,15748143.628932495000000
4,877,4,05192014download:4,4,5679,9232,6980,113,32,174,1040,1123,919,2645,705,408,1304,429,1227,257,2112,1842,3213,449,2115,722,1062,19199,1289,496,541,47,319,16193,5698,2347,4297,5611,4432,10887,11004,11021,15609,10333,4,29,5,1670,1057,1218,8133,116,149,1034,372,1306,277,2508,1638,10250,1267,3042,2701,187,31890,2201,741,1489,75,567,28294,8669,3790,6713,8950,6524,16498,20465,83277.895946145421000,31689987.514508508000000
5,635,5,05192014download:5,5,4680,7454,10293,35,36,180,951,1905,1115,2458,794,481,1581,482,1369,313,1924,2133,2766,464,1954,602,884,19439,1130,392,1071,41,354,19009,3418,1755,4020,5735,5434,11576,10851,6949,10257,8187,9,231,2,1425,788,801,4441,183,397,1251,440,2557,390,4141,707,2037,814,3828,814,137,22064,1345,520,994,51,419,20341,5052,2174,4467,6063,4667,12910,12483,97551.250837978019000,32339469.483161151000000
6,420,6,05192014download:6,6,3161,5381,3394,77,21,59,640,895,494,1530,346,191,679,251,590,113,1226,1032,1475,287,1299,344,387,10013,762,461,433,36,231,7749,4187,1479,2118,2766,2057,6013,5923,4900,6786,7218,10,6,202,863,934,768,3741,323,56,480,1170,829,860,1195,246,1328,282,2097,762,2752,16919,794,390,488,27,286,14593,4311,1841,3587,4865,3626,11406,7498,44269.706771310062000,15666649.556086149000000
7,478,7,05192014download:7,7,3138,5594,4663,62,27,89,551,604,552,1300,408,281,867,294,851,167,1494,1137,1900,246,1420,495,650,11652,790,416,320,32,185,9607,3788,1556,2427,3342,2767,6892,6503,5503,10885,12291,32,3,0,547,53,617,1455,66,391,552,290,1074,2355,1807,168,14777,13,1617,883,1979,24645,1696,557,1267,68,446,22235,6444,2630,5198,8358,7048,10762,17917,36439.057813116029000,13884706.977120465000000
8,190,8,05192014download:8,8,1538,2516,1371,29,7,20,318,366,204,696,191,101,256,128,232,68,625,452,663,140,584,159,186,4786,299,184,64,19,73,3555,1870,700,988,1242,873,2836,2589,924,1952,2051,6,3,361,607,151,55,489,27,3,282,352,111,5,229,59,1783,0,240,131,33,4380,199,118,154,10,66,3709,1218,528,982,1256,987,2822,2105,18420.820670935776000,6522935.888826142100000
9,183,9,05192014download:9,9,1361,2464,1664,27,5,45,294,320,259,645,175,94,311,111,314,79,575,513,736,94,528,141,223,4706,324,124,242,14,79,4168,1321,615,1064,1332,1074,2743,2746,798,989,420,0,0,0,43,17,26,346,3,13,48,74,54,81,68,208,929,8,267,14,8,1953,120,32,72,2,28,1613,594,262,434,515,382,907,1300,16235.803037492899000,5769876.418537055100000
10,203,10,05192014download:10,10,1228,1894,1433,13,4,31,252,317,176,518,143,65,253,77,245,66,449,524,542,119,461,138,162,4114,163,98,110,13,57,3387,1168,500,886,1114,878,2282,2273,1379,1940,1316,0,3,3,331,61,65,1140,26,115,393,292,412,83,287,51,477,19,730,124,23,4165,135,108,160,7,60,3600,1035,477,887,1031,843,2291,2344,19595.238601075318000,7012044.073269680100000
11,291,11,05192014download:11,11,1024,1727,455,25,8,12,212,304,187,334,127,44,128,87,100,25,417,172,349,51,357,130,137,2622,317,130,81,10,46,1008,2198,678,543,598,307,1733,1473,3128,14547,12285,0,3,1,546,1102,3603,2340,11167,42,6119,458,334,316,309,112,276,5,1414,1750,63,25090,2625,568,1079,114,484,21378,8582,3785,6785,8052,5472,16531,13429,48226.007041941550000,16604489.897180397000000
12,573,12,05192014download:12,12,3650,5137,5699,64,19,129,780,1230,586,1627,460,251,784,332,823,169,1313,1446,1867,340,1367,442,457,12936,629,218,422,43,238,11799,2687,1261,2677,3737,3239,7448,7038,4750,4762,6213,8,18,95,784,3777,522,1714,183,88,451,256,751,5,1361,513,1193,919,1723,365,999,14064,658,236,510,31,226,12713,3012,1378,2949,3988,3222,8606,7119,74460.243466775064000,25829570.789897244000000
13,488,13,05192014download:13,13,3511,5985,5752,47,12,115,740,760,644,1849,448,306,1043,330,975,223,1450,1390,1962,315,1507,478,654,13625,661,237,447,35,243,12876,2372,1288,2822,3975,3455,7472,7776,2915,4909,3769,7,0,1,194,174,244,1992,59,32,355,169,927,148,238,800,4715,105,1080,304,49,10196,579,184,475,17,142,9244,2349,928,2022,3110,2382,4560,7033,48903.639952507503000,17141242.787530068000000
14,341,14,05192014download:14,14,1826,2880,2344,20,18,47,315,326,280,628,253,119,447,164,457,89,853,610,917,138,678,264,427,5772,634,292,201,14,137,5011,2039,801,1310,1797,1435,3859,3191,7814,23090,32873,13,1269,960,810,1019,445,2144,41,2550,6272,937,3182,175,921,916,1340,2799,3360,2113,32511,55003,4478,1263,1919,124,990,47988,15789,5033,11834,19700,16167,32482,31295,24337.024942070642000,9236138.318476885600000
15,466,15,05192014download:15,15,2968,5176,5605,26,17,113,597,681,605,1548,353,262,1038,326,970,228,1308,1224,1949,268,1268,451,517,12282,584,214,474,19,176,11612,2137,1125,2492,3566,3420,6713,7036,7777,9774,8739,19,7,2,1079,2428,1234,3679,463,441,1214,511,1728,50,2128,4579,2476,301,2948,487,516,23483,1048,516,804,42,397,21288,5002,2318,4724,6082,6079,12038,14252,56111.133349291056000,20216395.169270691000000
16,455,16,05192014download:16,16,2848,4529,5876,60,28,97,630,1332,606,1542,420,242,857,243,814,161,1122,1165,1517,261,1202,403,551,11180,737,341,745,27,223,9881,3372,1330,2333,3263,3006,6950,6303,5905,7689,6650,17,7,195,649,1162,1072,3911,156,476,3386,145,1159,96,1143,237,1461,268,3596,805,303,17541,1061,410,835,41,356,15530,4714,1709,3269,4362,3641,9521,10723,67972.419821957476000,22518193.003119331000000
17,725,17,05192014download:17,17,4346,7620,6466,67,26,114,821,957,771,1960,589,373,1297,409,1195,225,1918,1549,2516,338,1903,607,797,15123,1781,570,623,45,290,13172,5260,2099,3430,4588,3820,9347,9085,9378,13754,13232,47,2,1,1224,859,1138,2965,189,327,2275,1054,3302,126,3724,6178,7779,289,3297,1387,201,31210,2095,1398,1052,57,552,28779,7585,3394,6842,9548,8870,15294,21070,72424.326817468973000,26399631.501960702000000
18,905,18,05192014download:18,18,6304,11780,6197,163,43,117,1257,1794,1149,2681,1019,352,1265,516,1171,250,2774,1780,2904,488,2689,783,1086,20012,2305,784,680,78,422,12935,11346,3802,4240,5158,3499,12815,11466,9594,15843,17401,19,11,0,1192,4489,2417,6260,702,263,580,572,1932,2422,3491,2934,9659,553,3789,1415,138,37120,2328,919,1745,79,647,30917,11921,4732,7722,10967,9205,20362,22476,101633.268546316220000,35560810.252888039000000
19,465,19,05192014download:19,19,4673,7903,7900,63,31,148,854,1065,939,2604,507,381,1506,476,1494,294,1839,1642,2761,427,2163,623,659,17730,978,383,1011,42,332,16995,3481,1762,3578,5118,4742,10249,10227,11081,13539,10489,13,0,4,460,1981,792,11941,188,334,1128,568,1671,247,3244,893,4748,327,5483,1010,77,31022,1548,640,1333,48,518,27572,7537,3119,6248,8073,6698,16852,18257,73402.894547812568000,26165385.574268129000000
20,314,20,05192014download:20,20,706,1122,1116,11,8,25,141,211,108,366,97,54,164,71,164,45,250,292,401,79,261,89,107,2655,120,30,72,8,59,2574,370,267,584,786,655,1507,1437,2661,2814,1553,2,0,2,126,24,98,1616,444,80,322,166,328,3,305,36,585,33,2368,474,16,6341,259,90,239,8,91,5611,1417,683,1186,1476,1033,3423,3605,44494.150723464372000,13920989.297968732000000
21,560,21,05192014download:21,21,3487,6389,6928,35,19,144,713,863,723,1989,432,331,1262,406,1166,296,1507,1460,2346,332,1553,534,693,14997,611,255,683,27,231,14555,2249,1305,3040,4378,4060,8172,8632,3906,4913,6366,10,2,0,343,2209,279,3225,63,137,1294,179,440,415,1439,721,2368,392,1441,194,34,13390,563,232,744,28,228,12359,2826,1341,2657,3808,3405,7081,8104,65316.778681850759000,22719174.460462868000000
22,742,22,05192014download:22,22,4570,8015,5742,90,24,134,945,1081,764,2009,582,298,1109,402,1037,257,2026,1597,2347,361,1792,534,938,15429,1419,544,578,42,315,12685,5642,2244,3373,4497,3531,9399,8928,5864,15687,12139,19,35,113,4765,2021,2054,4289,394,327,4529,203,1864,219,2154,975,2049,50,1482,1260,4888,29569,1653,842,1129,57,440,24468,9222,4009,6933,8875,6724,18900,14790,86772.748482306939000,32381641.392809197000000
23,128,23,05192014download:23,23,469,1004,1015,9,4,23,104,180,130,207,115,49,165,42,142,32,250,223,335,55,163,68,192,1683,438,134,168,3,62,1534,954,311,461,591,494,1200,1288,204,250,279,0,0,0,18,0,6,75,0,8,14,5,4,0,6,477,12,0,92,14,2,602,88,12,18,0,13,516,217,92,119,137,124,223,510,29121.689050075514000,7842225.452815502900000
24,812,24,05192014download:24,24,6075,10867,6181,141,30,135,1270,1477,1096,2830,686,417,1430,477,1374,270,2474,1619,2854,371,2513,773,886,19140,1616,725,1167,47,428,16433,6690,2781,4369,5378,4223,12080,11043,8480,14199,11512,14,10,1,2109,2403,1595,6173,694,739,1796,495,1210,2723,2626,3079,3520,69,2819,1968,148,29883,1688,873,1204,63,480,25480,8711,3795,6338,8323,6393,17252,16939,74806.912739322899000,29552665.931422267000000
25,768,25,05192014download:25,25,5859,10590,6583,100,25,133,1231,1538,1019,2557,868,376,1326,465,1160,232,2625,1739,2807,523,2572,770,966,19864,1453,676,648,42,349,14188,8844,3325,4136,5234,4070,12120,10912,13881,24366,25690,36,20,12,1845,1080,1752,4013,380,2127,2671,2350,4743,283,7034,3821,21381,279,7845,1057,1208,54610,4219,1508,2499,115,986,47136,16801,7059,11441,16478,14488,27825,36112,72510.295867093810000,27592456.384153940000000
26,680,26,05192014download:26,26,3417,6024,2770,133,19,54,700,1045,570,1373,513,179,611,282,525,140,1415,848,1320,202,1347,442,493,10025,1078,433,405,38,232,5721,6490,2133,2145,2423,1503,6700,5511,12110,29667,49867,19,1275,9968,3032,6811,4527,5750,1284,2866,7239,1569,5020,1193,2795,1922,6301,2416,5013,5520,17124,79621,5116,2239,3184,147,1337,68760,22884,7925,16783,25656,24675,51828,39816,88485.927298956245000,33093730.264001440000000
27,1099,27,05192014download:27,27,5447,8441,5840,82,39,134,976,1285,736,2432,627,316,1114,508,1043,249,1939,1940,2362,536,2129,631,650,16852,1250,555,719,49,303,14987,4741,1983,3533,4546,3547,10195,9533,12208,21470,22504,10,20,5,2391,5819,5403,3737,2148,501,2758,874,2761,235,5267,14017,3235,323,4670,1377,631,48244,2704,1263,3017,103,851,43730,12452,5275,10188,13988,14067,30113,26069,88890.035264132603000,32160089.225057300000000
28,729,28,05192014download:28,28,6028,10981,6539,146,33,151,1437,1648,1085,2868,780,366,1354,465,1244,259,2438,1796,2853,410,2492,701,1022,20250,1493,635,772,54,344,15551,7997,3177,4382,5512,4059,12294,11254,6327,9222,4701,13,3,3,1743,1096,1580,4484,273,165,670,355,976,117,2741,406,2045,87,1928,1447,118,17542,1079,527,756,39,307,13928,6322,2532,3720,4458,2910,10786,9464,91400.716176058064000,32928143.944266070000000
29,232,29,05192014download:29,29,1254,2131,2673,11,2,39,228,260,258,671,156,136,533,176,443,89,544,481,840,172,604,193,222,5486,190,63,225,6,88,5269,789,470,1138,1575,1575,2998,3060,997,1619,1339,0,0,0,91,1,65,189,11,55,70,13,229,23,537,79,2263,55,210,51,13,3477,165,73,169,4,67,3175,780,348,654,1048,992,1344,2611,23274.846106459856000,8299094.077853402100000
30,780,30,05192014download:30,30,2982,4679,2336,34,10,42,565,649,379,1264,304,164,491,295,492,102,1118,776,1282,247,1140,300,343,8720,529,308,245,23,172,7209,2788,1160,1909,2313,1669,5156,4841,8676,8955,10662,14,11,0,527,410,273,2651,42,151,723,359,589,18,1455,11948,2751,652,2274,726,2719,25734,1000,435,680,62,382,22774,5519,2383,5480,7692,6816,12171,16122,49550.709521360455000,17821914.682955418000000
31,872,31,05192014download:31,31,6452,11434,7636,132,44,146,1305,1637,1157,2941,1008,436,1476,571,1435,309,2787,1938,3132,503,2635,782,1148,21793,1659,747,840,50,433,16156,9366,3486,4551,6037,4496,13241,12281,13819,17517,14281,58,5,0,1414,1122,1132,6446,194,665,2703,652,2633,492,9286,6053,4040,684,5797,1287,954,40331,2070,914,1522,79,701,34128,11489,4800,8242,10950,9781,21469,24148,85166.327239276943000,30648759.744294763000000
32,541,32,05192014download:32,32,4295,7671,4562,115,16,99,929,1204,776,1877,590,257,885,312,836,197,1742,1449,2170,265,1577,474,758,14083,1265,409,514,46,211,10772,5756,2198,3123,4053,2819,8342,8186,2986,5272,3640,3,4,301,542,761,2021,2748,470,57,556,150,178,142,891,550,1033,122,1136,165,68,10315,666,251,476,28,162,8235,3663,1547,2470,2892,1820,6438,5460,53238.674803752001000,19674234.403091110000000
33,382,33,05192014download:33,33,2240,3512,4983,23,18,65,413,511,539,1120,324,200,904,270,864,144,1065,851,1453,213,1003,338,417,9310,465,224,561,12,163,9291,1444,813,1823,2806,2808,5442,5293,11150,13281,10674,5,2,4,837,130,973,8441,187,619,2554,2074,2694,337,3744,609,2702,690,6909,1154,440,30986,1725,677,1136,53,528,27207,7898,2989,5992,7823,7022,16084,19021,64253.962701861914000,20865891.133513395000000
34,1041,34,05192014download:34,34,5124,8446,4944,70,25,98,1009,1307,776,2213,636,309,967,412,902,256,2021,1710,2255,374,2002,548,624,15454,1589,591,545,67,268,12697,5817,2300,3413,4157,3174,9829,8685,8451,16491,13245,17,18,5,3659,3062,3518,3740,896,605,966,1590,1899,409,6725,429,5826,60,2732,1877,154,33183,2146,907,1294,88,569,28376,9811,4635,7625,9510,6904,22118,16069,91894.632487773604000,33473502.680686444000000
35,252,35,05192014download:35,35,986,1824,1083,14,7,25,176,290,172,469,159,62,251,83,211,49,470,373,348,68,416,108,142,3260,281,137,114,16,85,2527,1366,490,647,861,613,2089,1804,12325,15638,17711,36,14,5,1674,4960,2258,3427,1158,619,6576,826,2013,732,2167,11855,510,202,4973,614,1055,38944,2945,960,1952,108,765,35829,9845,3643,7736,11201,11539,23727,21947,28951.148348293238000,9702019.181438485200000
36,857,36,05192014download:36,36,5804,9940,7789,133,26,135,1166,1352,1135,2662,829,405,1418,559,1340,306,2511,1881,3015,495,2371,740,1054,19913,1627,682,853,41,417,16304,7229,2973,4330,5540,4523,12319,11214,23579,31241,36055,52,2,27,1294,623,3399,11327,187,1315,14984,3579,6348,1099,24642,4657,3406,810,10890,1831,403,79036,4761,1804,3641,184,1449,70915,19960,8323,14695,20635,21777,46379,44496,85144.224416980724000,31879778.696602866000000
37,441,37,05192014download:37,37,2989,5183,3329,83,19,106,665,807,560,1387,439,164,604,241,536,138,1157,977,1501,177,1012,379,549,9939,732,227,397,23,183,7469,4032,1546,2209,2693,2068,5788,5713,2672,4697,2814,1,2,33,438,861,677,3308,407,5,249,52,555,4,651,75,1086,69,1066,614,30,8988,471,231,353,22,118,6304,3879,1721,2021,2400,1423,5687,4496,47443.893552014408000,17608202.255011640000000
38,138,38,05192014download:38,38,129,148,263,2,0,7,21,29,28,42,15,11,36,14,45,7,65,47,60,12,56,23,20,451,30,16,38,1,4,422,118,41,100,125,136,320,220,5957,9896,10510,19,6,2,605,2415,1204,2415,426,373,3068,596,1942,122,3761,270,4563,185,3005,449,937,22993,1360,517,1020,47,426,21674,4689,2162,4348,6273,6226,13268,13095,23370.830058246309000,5682319.183773907800000
39,475,39,05192014download:39,39,1586,1994,2787,7,12,44,189,247,289,676,181,144,497,171,455,95,659,526,914,156,630,237,238,5452,437,142,239,14,83,5470,897,460,1146,1694,1590,3353,3014,11286,31351,50905,15,1273,6832,1108,4070,1032,2099,151,2805,8112,1028,4669,541,1836,680,5339,3279,6007,5246,37420,81524,5521,1870,3082,174,1371,73353,20189,6608,16623,28090,26240,49134,44408,67359.188027273922000,18196076.927725825000000
40,235,40,05192014download:40,40,1713,3194,1167,53,9,27,340,538,269,639,272,85,323,133,229,61,764,464,651,83,660,168,306,4514,1073,211,161,17,98,2594,3480,1204,1124,1245,709,3186,2888,1548,5606,6720,41,2,1,1123,1288,1784,4412,521,29,814,196,363,64,1606,840,192,7,109,383,99,11883,942,343,475,34,197,10630,3244,1484,2726,3645,2975,7884,5990,27308.143549114586000,10124812.945790179000000
41,403,41,05192014download:41,41,2147,3233,2863,9,6,44,300,428,324,904,266,154,560,214,466,120,905,996,910,177,855,287,318,6900,645,234,305,20,139,6854,1389,661,1348,1868,1643,4516,3727,11776,29930,45785,14,1270,6861,1241,762,903,1741,226,2819,6412,1103,4608,464,3184,3093,1334,3589,5169,5184,37514,76096,5400,1964,2584,153,1294,67223,20268,6517,15921,26329,23626,45882,41609,29722.278149762671000,11008895.718085039000000
42,365,42,05192014download:42,42,1391,2068,2141,7,15,42,200,328,240,547,174,117,372,132,333,91,588,600,644,127,544,210,289,4714,444,147,191,11,93,4578,1022,467,950,1395,1196,3090,2510,9275,27048,43999,5,1269,6832,992,593,842,855,126,2731,6267,978,4126,456,1302,558,1304,3174,4726,4979,38207,69736,5063,1726,2366,147,1284,61836,18486,5783,14575,24555,22401,42497,37825,26264.845635287285000,9031002.834937751300000
43,336,43,05192014download:43,43,1465,2011,2877,10,15,52,241,458,301,618,199,131,451,151,393,98,606,706,734,147,559,216,267,5372,424,170,298,12,77,5404,949,492,1100,1666,1533,3413,2940,11261,29676,46538,38,1275,6832,1614,937,937,2459,157,2886,6953,1029,4193,741,1187,2921,1893,3701,5129,5180,37413,76038,5347,1882,2739,157,1312,67554,19921,6464,15938,26363,23935,45295,42180,37690.532651376991000,12339504.091193883000000
44,279,44,05192014download:44,44,821,1094,1136,8,2,22,121,168,117,322,92,61,212,76,179,42,318,249,411,67,307,128,149,2471,294,85,139,5,57,2366,685,261,573,790,607,1672,1379,10381,28336,43965,5,1269,6840,1018,701,867,2988,142,2728,6271,948,4012,550,1193,508,1445,3528,5172,5123,37374,71929,5167,1762,2424,151,1249,63557,19125,6122,15038,25049,22353,43958,38724,23065.456216828246000,7202985.861583396800000
45,212,45,05192014download:45,45,511,596,557,3,2,8,58,58,60,158,52,36,121,44,102,26,209,130,195,38,178,89,97,1314,206,58,55,4,27,1304,360,155,318,429,291,997,667,8929,26348,42578,5,1269,6832,784,569,670,529,94,2728,6140,981,3792,456,1096,486,983,3157,4960,4959,37365,67636,4954,1662,2276,143,1184,59824,18031,5611,14057,23901,21543,41081,36774,13148.184386219518000,4615043.322363643000000
46,219,46,05192014download:46,46,525,606,579,3,2,7,59,59,67,164,52,37,125,44,108,26,213,135,196,42,184,89,98,1358,207,58,56,4,27,1349,361,155,325,445,298,1019,691,8686,26174,42498,5,1269,6832,784,585,683,500,94,2734,6131,894,3909,458,906,483,1000,3185,4539,5007,37360,67203,4905,1655,2274,144,1177,59467,17891,5571,14001,23845,21509,40843,36515,15676.141056515280000,5123588.320995988300000
47,353,47,05192014download:47,47,1691,2625,2675,22,13,53,305,500,312,752,216,141,468,160,394,86,701,650,817,146,712,253,290,5848,526,201,283,17,116,5494,1497,632,1304,1772,1463,3631,3360,11083,28813,44114,5,1269,6832,944,690,921,1685,135,2775,6349,1751,4500,551,1345,1024,1872,3230,5573,5171,37388,72909,5288,1845,2527,159,1282,64618,19392,6298,15258,25453,22629,44101,39909,33165.181848719381000,10415612.417855427000000
48,225,48,05192014download:48,48,723,1089,952,9,2,11,102,125,112,298,100,53,204,66,163,41,332,219,331,67,284,120,125,2159,332,117,105,6,45,2098,666,256,491,709,486,1532,1232,8479,25984,42605,5,1269,6832,784,569,679,746,102,2723,6105,893,3790,456,933,483,979,3157,4260,4944,37359,66944,4897,1653,2260,143,1171,59211,17857,5539,14001,23801,21482,40821,36247,18204.097726811033000,5632133.319628333700000
49,267,49,05192014download:49,49,1952,3250,2466,33,9,48,294,547,333,1001,282,148,466,179,414,110,826,688,805,172,787,242,284,5990,427,685,392,21,153,5514,2154,775,1316,1704,1336,4058,3610,9233,12297,12861,2,4,4096,1009,1062,1623,7405,175,822,2741,423,1625,537,3468,938,3124,704,3649,806,178,30018,1755,865,1114,72,567,26384,8007,2790,5698,8060,7360,17514,16877,40146.561135877571000,13830459.500101229000000
50,140,50,05192014download:50,50,395,422,343,2,1,6,47,44,42,119,32,20,74,31,72,20,158,68,133,31,131,70,59,894,163,48,34,4,17,890,270,117,244,304,202,747,413,6302,23204,33777,5,1269,958,734,556,421,168,12,2472,5986,873,2881,116,639,404,758,2732,3242,1997,37060,54612,4403,1269,1897,127,975,47885,15398,4703,11843,20244,16520,32781,30502,10090.007606548490000,3333741.467751071800000
51,157,51,05192014download:51,51,406,437,364,2,1,7,49,48,44,122,33,20,78,31,73,20,160,74,140,33,137,71,64,937,165,48,36,4,17,918,289,125,255,315,209,772,435,6318,23214,33779,5,1269,958,734,556,421,168,12,2472,5986,873,2883,116,639,404,758,2732,3268,1997,37060,54639,4404,1269,1897,127,975,47911,15400,4707,11846,20252,16527,32792,30519,15324.088467603982000,4422222.492784492700000
52,202,52,05192014download:52,52,954,1422,947,13,4,20,163,172,126,384,81,47,191,76,180,46,385,250,453,77,380,128,147,2770,323,80,92,8,50,2172,1151,436,633,817,568,1848,1475,6586,23555,33899,5,1269,958,756,558,506,471,13,2489,6073,873,2893,116,652,404,854,2735,3302,2052,37061,55292,4424,1285,1924,127,988,48351,15689,4809,11982,20391,16608,33174,30866,19338.698680284262000,5527877.268116159400000
53,158,53,05192014download:53,53,644,785,844,5,3,17,86,98,80,252,60,43,154,59,156,41,249,192,289,60,225,105,99,1776,239,66,141,5,46,1837,436,193,424,569,479,1299,974,8073,24583,34669,5,1269,958,734,556,490,2055,26,2498,6006,925,2997,116,1000,1491,769,2735,3502,2123,37070,58170,4557,1339,2081,134,1044,50953,16372,5093,12508,21093,17256,34452,32873,15150.567025513161000,4477212.521849369600000
54,158,54,05192014download:54,54,652,783,827,5,3,17,88,102,74,256,62,41,150,56,156,39,258,189,277,59,223,107,100,1780,228,61,141,6,46,1801,461,203,424,567,468,1302,960,8074,24593,34716,5,1269,958,716,556,478,2095,26,2497,6092,925,2979,116,1001,1439,764,2735,3515,2035,37182,58245,4554,1337,2069,134,1044,50961,16422,5101,12501,21105,17266,34494,32889,13049.879464038993000,3970675.313888129300000
55,619,55,05192014download:55,55,3750,6415,4008,74,19,110,881,1099,671,1636,562,213,769,229,604,176,1436,1199,1796,237,1356,419,687,12033,955,396,533,28,228,8706,5467,2057,2653,3392,2367,7272,6901,6557,7580,8007,10,0,4,590,1234,1105,2932,504,49,902,515,371,114,530,6191,1830,245,2918,570,1530,19573,1107,409,692,43,320,15259,6885,2678,4013,5355,4199,10464,11680,57575.945009911149000,21464215.037399825000000
56,473,56,05192014download:56,56,3824,6805,3874,117,24,79,788,932,713,1612,544,255,792,298,680,168,1608,1087,1909,241,1450,475,731,12141,1218,470,457,19,198,8740,5763,2100,2692,3470,2457,7469,7034,3286,5249,3330,7,3,0,565,118,357,3729,37,102,338,230,419,8,1287,613,2645,55,937,387,28,10129,738,309,496,16,177,8493,3372,1442,2286,2838,2165,5334,6531,43637.791550206930000,16847000.272541009000000
57,880,57,05192014download:57,57,5879,10535,6623,91,34,157,1206,1792,922,2596,848,364,1287,489,1101,311,2556,2186,2698,488,2301,716,894,18860,2199,718,749,84,427,14638,8399,2882,4103,5259,3848,11814,11223,11248,14330,10319,93,10,32,2040,2216,1730,7004,369,363,1152,601,2104,132,4219,4828,2792,691,4537,759,225,30815,2306,911,1284,68,513,26264,9633,3793,6568,8323,6197,18043,17854,93845.430560001725000,35244958.425859295000000
58,364,58,05192014download:58,58,2961,4884,3876,37,16,80,425,795,501,1381,414,210,759,258,718,168,1206,1304,1176,234,1269,404,366,9680,811,389,598,37,206,9313,2408,1065,1867,2556,2257,6361,5360,8711,13653,15790,16,7,1,982,1785,1732,2097,1226,492,3361,607,1812,923,2555,13148,1154,428,3889,905,1034,33147,1783,775,1769,72,608,30927,7227,2817,6213,9161,10595,20382,17772,40411.746492189617000,15312088.765255170000000
59,236,59,05192014download:59,59,1497,2740,2166,4,6,47,265,408,231,737,187,136,407,157,417,107,690,761,645,139,685,172,202,5183,462,256,389,15,98,5162,1241,518,977,1306,1279,3446,2957,7600,11773,14238,33,246,155,1431,3150,743,3589,311,441,3830,513,3366,1600,6503,284,647,820,3641,574,1734,29156,1807,719,1259,64,606,26688,6923,2715,5952,8343,7339,19262,14349,29906.449133758597000,11244413.018880054000000
60,304,60,05192014download:60,60,2000,3243,3538,14,18,66,336,780,340,988,257,167,520,197,551,132,853,1018,896,182,900,244,322,7254,479,282,623,15,128,7129,1652,722,1409,1914,2033,4745,4036,5464,7316,8985,5,12,155,1718,1061,890,1544,162,379,3422,463,1525,78,1321,2426,790,157,3450,530,1677,19057,974,542,767,31,394,16897,4868,1874,3789,5072,4901,11391,10374,36349.694565156133000,12883374.164008526000000
61,568,61,05192014download:61,61,3835,7158,4159,124,20,110,913,1145,710,1899,610,199,759,299,639,188,1483,1199,1985,238,1407,486,739,12944,1121,338,492,34,223,8873,6279,2205,2739,3544,2413,7709,7443,4387,4209,2316,0,2,1,810,281,304,3982,251,164,216,214,254,5,663,720,1002,108,1753,161,21,9586,518,265,351,11,181,7264,3648,1403,1935,2266,1469,5174,5738,58803.146003104972000,21263356.113343313000000
62,78,62,05192014download:62,62,234,357,271,25,0,18,46,64,46,113,41,15,25,13,21,7,60,103,104,10,84,15,52,744,57,12,30,0,19,530,332,140,170,193,153,442,420,1001,857,431,25,0,64,81,18,56,690,28,80,74,28,189,0,145,18,66,3,607,30,87,1953,121,103,67,1,44,1473,816,296,348,443,250,1105,1184,25627.569150153980000,5224618.545972954500000
63,835,63,05192014download:63,63,4803,8563,7376,68,32,138,914,1089,886,2139,611,453,1434,481,1181,311,2283,1808,2846,369,2020,703,976,17766,1424,598,587,39,328,14869,5873,2321,3732,5122,4239,10574,10168,14763,23290,32305,67,1282,6074,3116,2029,1511,2346,912,3176,6558,1357,5519,543,8126,3706,5957,2552,6690,5895,2942,61076,4272,1559,2251,123,1077,52073,18285,6794,12487,18069,18067,36611,33747,86256.372333478983000,32028061.801936220000000
64,956,64,05192014download:64,64,5547,9379,6987,137,34,167,1048,1292,980,2410,770,381,1294,459,1204,287,2304,1798,2951,399,2213,685,1100,17990,2000,715,822,32,354,14900,7013,2792,4031,5305,4125,11217,10696,12080,20550,25146,25,6,8,1186,1356,1811,3937,1598,437,12144,2563,4158,189,4684,936,7812,1165,10574,1367,1820,49733,3283,975,2742,116,927,44564,13212,5764,9788,14427,14840,28647,29129,109823.846997672900000,39828146.176762551000000
65,773,65,05192014download:65,65,5157,7195,9059,79,37,140,804,1501,936,2470,609,429,1467,479,1438,272,1920,2208,2458,474,2268,679,743,18452,940,453,1161,42,363,17853,3558,1740,3589,4984,4926,11255,10156,18395,22922,22495,13,12,20,1087,529,2490,11663,397,1579,5962,1253,4002,1139,4360,2785,8852,1276,13578,1723,1092,56823,2590,1243,2061,99,996,51228,12584,5232,10230,14346,13912,29457,34355,97954.652392657328000,35221527.838619985000000
66,645,66,05192014download:66,66,4136,7835,6726,78,38,137,795,1338,852,2020,695,366,1282,425,1024,261,1834,1879,2165,374,1662,539,933,14361,2375,632,950,52,327,13030,5667,2144,3283,4368,3605,9597,9100,5420,6087,4321,5,2,1,527,242,655,4033,336,282,568,325,1224,0,1253,326,980,126,3708,342,893,13556,885,400,609,41,337,11196,4632,1533,2625,3114,2729,8085,7743,72560.247665234550000,26155027.071632877000000
67,655,67,05192014download:67,67,3355,5617,4815,73,25,102,562,730,593,1250,466,277,903,316,849,168,1469,1290,1841,261,1254,486,872,11528,1205,418,386,20,230,9410,4377,1748,2497,3337,2845,7263,6524,9716,24711,37106,9,1280,958,1734,1094,519,1149,135,2736,6281,981,4186,199,2300,434,15233,2832,4052,3358,22063,61868,4493,1345,2595,148,1084,54321,17212,5762,12648,21188,18815,34042,37491,52622.089080886421000,19566823.107154567000000
68,635,68,05192014download:68,68,3957,6037,6623,55,30,107,625,805,781,1783,429,319,1167,447,1145,251,1610,1458,2431,326,1559,573,716,14393,939,316,688,36,245,13664,2953,1475,3076,4274,4028,8254,8363,7596,12717,13800,0,1,1,397,123,1896,4074,108,191,2409,1482,1859,130,1985,1615,13214,432,3401,632,163,30047,1591,545,1398,63,469,28040,6073,2644,5769,8793,8783,13683,20430,85558.024605303115000,29110999.336312670000000
69,726,69,05192014download:69,69,4689,6995,9565,33,22,143,710,1304,987,2319,581,456,1705,524,1476,314,1938,2094,2635,567,2106,650,685,18604,914,388,946,45,352,18282,2967,1578,3547,5341,5330,10613,10636,8965,14482,17420,30,14,4,1881,4667,1116,6623,274,489,3608,1204,2664,228,4368,568,6327,102,4009,2220,471,36024,1831,724,1621,63,604,33670,7197,3070,6864,10130,9744,21765,19102,95251.030424770535000,32417056.909215130000000
70,616,70,05192014download:70,70,5015,8432,6645,119,30,149,940,1012,881,2392,600,372,1284,389,1219,293,2030,1617,2918,342,2050,628,827,17011,1286,541,884,50,320,15308,4784,2032,3649,5032,4270,10016,10076,7840,12500,8372,5,7,1,1871,231,1102,4133,147,254,1036,494,2492,411,2020,2486,6347,49,2740,2588,298,24736,1723,749,995,55,454,21568,7144,2726,5011,6881,5681,13054,15658,58109.949965988540000,21778960.582758423000000
71,460,71,05192014download:71,71,3608,6004,6691,50,25,116,751,1589,760,1771,511,335,1100,326,938,218,1461,1527,1919,373,1495,467,571,13488,981,434,1061,39,300,13302,3001,1380,2863,4120,3611,8332,7971,3832,5904,4869,9,6,1,347,186,470,2192,43,88,325,357,534,14,1226,267,6082,152,2045,192,69,12352,658,343,996,32,224,11513,3092,1296,2474,3598,3082,5908,8697,58599.680138115371000,20708968.260299258000000
72,418,72,05192014download:72,72,3288,5146,8527,49,20,136,619,1509,941,1662,749,388,1201,371,1141,282,1446,1723,1907,298,1378,476,665,14405,1065,320,914,32,225,14617,2344,1253,3081,4396,4552,8531,8430,4492,4273,2302,62,0,0,154,26,317,2149,65,149,468,180,702,351,224,168,2762,237,2459,532,62,9791,510,200,354,24,188,8661,2406,982,1658,2274,1839,4446,6621,60514.476054314189000,19599673.650957055000000
73,387,73,05192014download:73,73,2359,4184,2554,191,12,76,462,673,465,1246,451,130,378,171,351,83,802,721,1072,152,921,268,472,7656,774,197,286,17,167,4218,4879,1518,1669,1904,1294,4758,4339,1651,2063,1877,25,0,0,61,22,72,1142,12,11,98,46,104,4,288,1718,455,19,772,136,606,4827,376,124,176,9,79,3628,1963,656,1000,1360,994,2394,3197,54220.037644003496000,17749347.973919760000000
74,170,74,05192014download:74,74,1289,2321,1371,35,9,21,288,380,208,632,145,88,262,113,254,58,535,388,584,119,553,150,159,4169,350,188,156,15,103,3135,1846,655,910,1163,803,2534,2447,3214,3981,2517,7,9,201,564,497,480,1933,73,57,422,959,588,4,1159,51,278,188,1463,515,264,8545,452,235,311,20,149,7234,2478,1044,1839,2235,1564,5591,4121,37194.732064585587000,8167886.350001221500000
75,178,75,05192014download:75,75,573,852,419,6,3,11,94,135,58,197,64,23,111,43,90,20,244,124,222,37,205,79,78,1476,216,66,54,4,28,975,869,303,372,445,279,1039,805,4845,20960,29888,2,1,958,655,85,374,661,11,540,5598,835,2350,116,413,458,793,2687,1893,421,36842,47886,4025,1128,1686,115,853,41869,13824,4040,10489,18313,14536,28605,27088,18090.970522274994000,4839706.153052282500000
76,157,76,05192014download:76,76,466,531,404,2,1,8,57,55,48,143,44,24,87,33,83,25,200,104,147,36,155,80,69,1093,189,57,37,5,20,1034,367,162,287,355,229,894,507,6144,22542,32599,5,1269,958,747,557,416,245,21,589,6063,855,2892,129,634,400,773,2738,2941,2002,37051,52833,4314,1235,1828,124,951,46197,15088,4541,11495,19696,15814,31627,29658,8399.757367099888100,3247172.637131958300000
77,135,77,05192014download:77,77,1158,1919,1550,18,8,34,198,255,199,575,137,96,325,105,294,48,449,360,486,125,603,164,148,4097,157,116,175,14,68,3604,1023,406,786,998,809,2468,2159,3353,3982,3794,2,0,1,39,15,214,915,440,277,2521,280,479,705,731,102,233,155,2689,410,921,9801,595,173,331,23,206,8840,2289,830,1713,2495,2271,5900,5229,21653.774566349719000,6127682.937951868400000
78,34,78,05192014download:78,78,972,1126,995,27,5,21,116,158,125,488,86,58,149,59,188,35,271,345,326,60,401,95,80,2577,187,70,193,5,61,2502,591,284,473,662,577,1734,1359,946,407,271,0,0,0,0,32,2,20,0,30,41,18,9,1,39,13,256,8,961,185,9,1343,154,45,49,1,32,1123,501,211,272,321,227,726,898,6495.170411075316200,2025969.060578947200000
79,74,79,05192014download:79,79,819,941,927,23,4,17,87,132,109,426,73,54,129,50,168,26,232,325,280,53,346,84,69,2324,151,43,117,5,47,2268,419,216,411,597,522,1504,1183,2429,2163,2007,0,0,1,2,73,71,302,2,25,2385,25,151,4,105,41,256,10,2474,294,378,5661,473,124,210,9,122,5021,1578,503,919,1313,1173,3101,3498,7136.951321431181000,2957589.128363835600000
80,75,80,05192014download:80,80,831,948,934,23,4,17,88,133,109,426,75,54,129,52,172,26,236,328,281,53,351,85,71,2342,153,44,122,5,47,2288,425,219,417,602,525,1514,1199,2429,2163,2007,0,0,1,2,73,71,302,2,25,2385,25,151,4,105,41,256,10,2474,294,378,5661,473,124,210,9,122,5021,1578,503,919,1313,1173,3101,3498,7136.404751033760500,2987717.271387649200000
81,246,81,05192014download:81,81,637,902,615,8,4,15,102,115,88,219,71,34,141,55,112,29,262,151,249,50,224,104,121,1745,217,90,61,8,33,1426,728,278,440,537,353,1298,856,7432,24955,36781,7,1270,1038,808,635,702,825,41,2577,6130,887,2979,203,1154,653,823,3294,3562,2166,39414,59944,4634,1367,2020,138,1065,52277,16891,5295,13001,22021,17703,36485,32683,19951.292059164902000,5713042.890104636500000
82,170,82,05192014download:82,82,899,1572,735,33,6,16,227,227,145,445,122,53,132,60,128,38,320,227,437,45,287,104,154,2582,335,84,151,2,52,1853,1353,514,658,717,473,1692,1514,1745,2470,2241,0,1,4,275,89,431,1451,29,31,194,52,142,91,663,293,193,218,527,202,1570,5676,317,132,194,14,123,4477,1979,803,1212,1731,1157,3681,2775,15536.601477310840000,4733184.141668126000000
83,177,83,05192014download:83,83,853,1523,711,30,6,16,224,219,143,431,114,48,132,55,120,39,302,219,424,45,277,97,146,2559,284,82,109,3,50,1765,1322,491,642,708,442,1633,1454,2210,3090,3133,2,1,4,401,92,433,1502,29,34,201,53,156,91,670,2039,195,219,531,203,1577,7444,433,164,224,19,149,5858,2575,1028,1542,2226,1564,4266,4167,13958.265928177283000,4869112.858860588600000
84,171,84,05192014download:84,84,1570,2510,1953,38,7,50,277,373,281,761,179,110,352,143,330,84,530,527,854,104,555,177,301,5010,455,122,344,11,91,4678,1355,610,1134,1479,1219,2934,3099,1171,1912,802,0,0,0,52,8,374,1505,26,108,77,20,36,1,71,1,1145,2,439,11,9,3245,359,82,122,11,66,2807,1078,484,815,908,545,1855,2030,19391.655890663729000,6285207.820876635600000
85,201,85,05192014download:85,85,559,650,660,4,2,7,64,79,70,182,58,40,139,48,115,29,225,151,224,43,195,93,101,1506,211,58,63,4,27,1490,379,168,349,495,345,1106,763,8407,25815,42208,5,1269,6832,785,569,658,471,78,2715,6117,891,3586,456,889,483,979,3143,4210,4938,37356,66357,4879,1645,2249,141,1159,58686,17744,5496,13877,23618,21324,40428,36002,14303.158308908867000,4419124.998489525200000
86,158,86,05192014download:86,86,648,899,505,18,4,6,93,97,86,245,90,29,114,51,117,29,241,118,246,42,231,101,94,1529,338,75,60,7,43,1352,700,263,372,473,307,1212,840,7089,23771,33990,5,1269,958,746,556,498,770,16,2503,6055,916,3065,116,643,406,784,2735,3714,2030,37065,55955,4492,1310,1971,127,995,48837,16013,4885,12045,20494,16691,33457,31393,12901.261493706525000,3847760.712170998600000
87,180,87,05192014download:87,87,626,797,606,6,1,17,75,74,77,210,68,43,137,50,114,31,262,142,256,45,205,105,111,1583,246,94,64,5,37,1560,469,211,394,537,355,1191,838,10403,27461,42474,5,1269,6833,786,557,834,2251,81,2659,6160,892,3553,500,932,726,985,3092,4676,6145,37402,69790,5051,1753,2363,147,1234,61516,18822,5809,14423,24278,21709,41722,38616,16928.171219253138000,4989340.134694951600000
88,135,88,05192014download:88,88,623,980,1004,5,2,26,90,175,108,244,68,47,155,68,158,29,283,385,261,58,278,71,96,2200,143,73,133,5,53,2158,449,200,419,593,567,1448,1159,5479,5445,5629,5,0,30,231,65,150,1293,143,362,2553,378,1355,28,1416,2358,473,460,3786,437,1030,14446,953,372,483,23,276,12735,3818,1300,2642,3702,3356,7932,8621,14692.241258092912000,4438267.181863998100000
89,1242,89,05192014download:89,89,7072,11798,8641,65,38,139,1061,1375,1058,2707,890,553,1752,644,1684,385,3127,2643,3402,612,3105,980,1291,22165,2353,1077,1293,69,554,20576,6935,2830,4607,6201,5119,15085,12426,32577,64686,96519,47,1298,10943,3362,2665,4229,9131,2067,6593,15547,3578,14441,2519,15276,17471,33280,4740,11962,7596,27037,165927,12787,4231,7334,326,3177,151065,42717,14840,32900,53025,54367,94556,99226,68855.072498168331000,42800075.635099672000000
90,328,90,05192014download:90,90,963,1569,839,14,2,12,190,221,138,432,94,56,165,94,171,27,360,269,448,90,360,106,122,3002,153,79,77,8,52,2692,679,345,693,815,629,1695,1676,6887,6312,7664,5,6,0,302,200,182,1312,35,101,580,236,287,17,1212,11663,1648,12,1412,314,1339,19067,725,319,420,46,286,16803,4060,1688,3974,5605,5200,8207,12656,37376.542087455964000,8170904.965739524000000
91,145,91,05192014download:91,91,1779,2522,2100,36,8,39,233,400,275,829,187,113,353,132,363,77,630,760,671,127,795,191,182,5247,427,186,414,13,114,5158,1243,549,987,1334,1240,3574,2827,3050,3368,2700,4,3,1,209,347,138,884,2,36,300,280,465,61,524,101,2181,49,2322,335,876,7865,484,251,353,11,154,6980,2138,786,1528,2075,1609,4511,4607,19017.570787193436000,5726898.673126764600000
92,727,92,05192014download:92,92,5199,10098,3274,145,25,76,1376,1894,957,2143,976,185,793,304,565,155,2175,1377,2016,271,1779,527,832,15972,1334,509,451,49,256,7020,11551,3949,3510,3695,2150,9788,8783,5017,5380,3585,1,0,0,56,35,136,3856,77,49,487,72,533,7,1335,2959,2534,78,1636,92,39,12032,786,399,522,25,218,8225,5757,2174,2330,2942,2153,5466,8516,62398.165778825365000,23403661.549698211000000
93,161,93,05192014download:93,93,1373,2044,1199,16,7,22,172,302,168,551,139,73,256,104,252,68,513,487,456,114,617,177,122,3664,381,186,285,16,84,3317,1299,510,690,881,715,2637,1979,5989,7887,10624,0,0,1,89,114,359,999,19,302,2419,364,660,93,786,13107,530,70,3208,393,987,21188,1118,474,1253,40,427,20337,4163,1371,3490,5572,7894,12050,12450,17048.578704335090000,4650177.687699982900000
94,394,94,05192014download:95,95,3581,5263,5578,76,33,72,475,628,628,1821,384,297,1051,363,991,189,1381,1112,1747,420,1840,457,457,12844,503,336,483,22,234,12121,2301,1147,2423,3395,3008,7358,7064,4210,6518,8261,2,1,5,212,84,357,1708,82,424,2044,171,842,374,1005,140,6108,1092,2693,481,1164,16955,790,330,605,25,284,15660,3329,1426,3365,4886,4804,8376,10613,34345.702815892364000,12426719.034036351000000
95,192,95,05192014download:96,96,1288,1986,1197,7,9,24,249,287,160,527,138,77,238,117,210,60,462,444,598,122,459,138,145,3878,279,162,80,9,63,3396,1075,476,848,1081,818,2286,2185,1092,1677,3356,9,4,361,353,38,35,260,15,255,57,227,441,6,238,117,1252,659,355,172,1271,5606,218,78,131,11,81,4894,1231,417,1175,1836,1672,3272,2853,16768.330828168273000,6225120.999375801500000
96,82,96,05192014download:97,97,229,311,516,10,4,7,31,45,56,118,35,30,96,25,98,18,107,69,106,27,119,27,28,905,34,18,73,0,26,946,110,75,163,229,221,580,476,5886,6473,5433,0,0,16,141,123,866,5113,86,449,2069,288,1185,96,913,243,936,233,4707,263,65,15681,791,379,597,22,322,14292,3500,1337,2777,3604,3490,7816,9976,5711.250120958574400,1996223.674456299300000
97,91,97,05192014download:98,98,11,32,8,0,1,0,1,3,3,4,4,0,1,5,4,0,7,1,6,0,5,3,3,38,11,2,0,0,0,31,20,6,13,9,5,30,21,1849,6216,6025,0,0,1,261,139,489,426,7506,16,1004,38,513,26,1003,245,668,1,1376,348,30,11922,1112,226,543,64,223,11484,2606,1367,3259,4094,3182,7529,6561,9962.026176889350600,5511796.410725883200000
98,257,98,05192014download:99,99,2040,3536,3091,22,13,43,315,441,346,1005,213,173,648,224,560,130,883,693,1066,276,1105,241,270,7612,373,212,302,16,152,7089,1578,794,1457,1941,1692,4434,4233,2999,5303,6254,0,1,5,263,103,171,1491,41,422,224,223,310,39,451,94,6194,965,2156,266,1137,13038,559,264,470,24,201,12028,2528,1048,2450,3707,3549,6148,8408,25492.526176710573000,7982636.053262898700000
99,226,99,05192014download:100,100,637,806,898,4,5,9,94,106,110,219,59,46,162,57,157,38,271,173,295,53,260,113,110,1916,247,68,70,6,34,1886,455,209,434,606,520,1359,982,13396,30168,45181,6,1270,6832,927,565,1004,1734,150,3200,6305,922,4004,498,2266,427,3323,3597,7493,5023,39199,76925,5737,1905,2614,171,1393,67397,21348,6745,15879,26143,23333,46696,42049,23137.688552742868000,6676685.850992086300000
100,230,100,05192014download:101,101,1807,2996,1609,58,8,42,341,320,255,673,209,118,329,148,354,62,750,458,985,113,750,194,245,5417,488,235,157,15,100,4069,2343,876,1244,1466,1144,3342,3070,1779,2982,2817,5,0,0,606,33,163,278,13,21,231,38,298,35,315,30,4306,3,998,180,25,6475,433,179,350,26,115,5857,1721,693,1346,2112,1760,2827,4751,16135.120569856021000,6561573.691965896600000
101,120,101,05192014download:102,102,1137,1665,1147,24,9,28,137,214,167,482,158,76,235,95,243,44,401,446,357,81,492,143,117,3300,250,151,180,11,57,3115,834,375,607,793,689,2214,1735,3538,4021,4449,0,2,1,471,384,648,749,84,385,2678,318,749,4,557,342,365,27,2720,604,920,10637,600,186,345,22,218,9578,2430,878,1925,2761,2456,6608,5400,13375.187815111722000,4342770.860671266900000
102,605,102,05192014download:103,103,3076,4943,4662,55,16,110,530,722,544,1211,412,254,823,325,758,174,1362,1138,1679,246,1145,424,753,10720,1006,331,377,27,220,8442,4239,1546,2242,3139,2593,6776,5905,14226,34474,49512,13,1287,969,1235,1112,1378,2369,148,5097,10819,2973,9027,311,8417,3808,17631,3271,4907,3763,19677,83924,7296,1994,3152,172,1674,75612,22600,7549,16713,28310,26961,45878,52334,55143.205179496181000,20793586.421382841000000